∂∞ƒﬁID,çwì¸âøäi,éxï•ï˚ñ@,ê´ï ,â∆ÇÃèäóL,îNé˚,îNóÓ,â ï®•ñÏçÿ,ì˜,ì˙ópéGâ›,ä ãlñÏçÿ,ä ãlì˜,ó‚ìÄì˜,Àﬁ∞Ÿ,‹≤›,ê¥ó¡à˘óø,ãõ,âŸéq
39808,42.7123,¡™Ø∏,M,Ç¢Ç¢Ç¶,27000,46,F,T,T,F,F,F,F,F,F,F,T
67362,25.3567,åªã‡,F,Ç¢Ç¢Ç¶,30000,28,F,T,F,F,F,F,F,F,F,F,T
10872,20.6176,åªã‡,M,Ç¢Ç¢Ç¶,13200,36,F,F,F,T,F,T,T,F,F,T,F
26748,23.6883,∂∞ƒﬁ,F,Ç¢Ç¢Ç¶,12200,26,F,F,T,F,F,F,F,T,F,F,F
91609,18.8133,∂∞ƒﬁ,M,ÇÕÇ¢,11000,24,F,F,F,F,F,F,F,F,F,F,F
26630,46.4867,∂∞ƒﬁ,F,Ç¢Ç¢Ç¶,15000,35,F,T,F,F,F,F,F,T,F,T,F
62995,14.0467,åªã‡,F,ÇÕÇ¢,20800,30,T,F,F,F,F,F,F,F,T,F,F
38765,22.2034,åªã‡,M,ÇÕÇ¢,24400,22,F,F,F,F,F,F,T,F,F,F,F
28935,22.975,¡™Ø∏,F,Ç¢Ç¢Ç¶,29500,46,T,F,F,F,F,T,F,F,F,F,F
41792,14.5692,åªã‡,M,Ç¢Ç¢Ç¶,29600,22,T,F,F,F,F,F,F,F,F,T,F
59480,10.3282,åªã‡,F,Ç¢Ç¢Ç¶,27100,18,T,T,T,T,F,F,F,T,F,T,F
60755,13.7796,åªã‡,F,ÇÕÇ¢,20000,48,T,F,F,F,F,F,F,F,F,T,F
70998,36.509,∂∞ƒﬁ,M,ÇÕÇ¢,27300,43,F,F,T,F,T,T,F,F,F,T,F
80617,10.2011,¡™Ø∏,F,ÇÕÇ¢,28000,43,F,F,F,F,F,F,F,F,T,T,F
61144,10.3736,åªã‡,F,Ç¢Ç¢Ç¶,27400,24,T,F,T,F,F,F,F,F,T,T,F
36405,34.8222,¡™Ø∏,F,ÇÕÇ¢,18400,19,F,F,F,F,F,T,T,F,T,F,F
76567,42.248,∂∞ƒﬁ,M,ÇÕÇ¢,23100,31,T,F,F,T,F,F,F,F,F,T,F
85699,18.1688,åªã‡,F,ÇÕÇ¢,27000,29,F,F,F,F,F,F,F,F,F,T,F
11357,10.753,åªã‡,F,ÇÕÇ¢,23100,26,F,F,F,F,F,F,T,F,F,T,F
97761,32.3184,∂∞ƒﬁ,F,ÇÕÇ¢,25800,38,T,F,F,T,F,F,F,T,F,T,T
20362,31.72,åªã‡,M,ÇÕÇ¢,25100,38,F,F,F,F,F,T,F,F,F,T,F
33173,36.8328,åªã‡,F,ÇÕÇ¢,24700,43,F,F,F,F,F,F,F,T,F,F,T
69934,31.1787,¡™Ø∏,F,ÇÕÇ¢,21300,41,F,F,F,F,F,F,F,F,F,T,F
14743,21.6813,åªã‡,M,ÇÕÇ¢,12400,48,T,T,T,T,T,T,T,T,F,F,F
83071,29.8536,åªã‡,M,ÇÕÇ¢,18100,31,F,F,F,F,F,F,T,F,F,F,T
17571,15.27,∂∞ƒﬁ,F,ÇÕÇ¢,22900,23,T,F,T,F,F,T,T,F,F,F,F
37917,32.2318,¡™Ø∏,F,Ç¢Ç¢Ç¶,27000,32,F,T,F,F,F,F,F,T,F,F,T
11236,42.5669,∂∞ƒﬁ,M,ÇÕÇ¢,26800,34,F,F,F,F,F,F,F,F,F,F,F
47914,44.5913,åªã‡,F,ÇÕÇ¢,24700,32,F,T,F,F,F,F,F,T,F,T,T
58154,49.1367,¡™Ø∏,M,Ç¢Ç¢Ç¶,21300,50,F,F,F,F,T,F,F,F,F,F,F
35197,40.3398,åªã‡,M,Ç¢Ç¢Ç¶,27400,38,F,F,F,F,F,T,T,T,F,T,F
64892,38.9995,åªã‡,F,ÇÕÇ¢,12900,46,F,F,F,F,F,T,F,T,F,F,F
102467,13.7623,∂∞ƒﬁ,F,ÇÕÇ¢,26700,48,F,F,F,T,T,F,T,T,F,F,F
56677,30.3099,åªã‡,F,Ç¢Ç¢Ç¶,27800,42,T,F,F,F,F,F,F,F,F,F,F
94105,10.3719,∂∞ƒﬁ,M,ÇÕÇ¢,24100,44,F,T,F,F,F,F,F,F,T,F,F
63817,29.1748,¡™Ø∏,M,ÇÕÇ¢,19600,28,F,F,F,F,F,F,F,F,F,F,F
44887,46.8983,∂∞ƒﬁ,M,ÇÕÇ¢,28400,41,T,F,F,F,F,F,F,F,F,F,F
69720,13.7837,∂∞ƒﬁ,F,Ç¢Ç¢Ç¶,16600,41,F,T,F,F,F,F,F,F,F,F,F
97267,33.0618,¡™Ø∏,F,ÇÕÇ¢,10200,19,F,F,F,F,F,F,F,F,F,T,T
53750,38.5113,¡™Ø∏,F,ÇÕÇ¢,24800,23,F,F,F,F,F,F,F,T,F,F,T
109530,37.4844,∂∞ƒﬁ,M,Ç¢Ç¢Ç¶,21100,30,F,T,F,F,F,F,T,F,F,F,F
65493,26.7732,åªã‡,M,ÇÕÇ¢,19900,43,F,F,F,F,F,F,F,F,T,F,F
96694,28.2755,∂∞ƒﬁ,M,Ç¢Ç¢Ç¶,16300,28,F,F,F,T,T,T,T,T,F,T,F
46730,41.6178,∂∞ƒﬁ,F,Ç¢Ç¢Ç¶,18700,35,T,F,F,F,T,F,F,F,F,F,F
60499,11.8442,åªã‡,M,ÇÕÇ¢,12800,30,T,T,F,F,F,F,F,F,F,F,F
73004,13.0578,¡™Ø∏,M,ÇÕÇ¢,23800,18,F,F,F,F,F,F,F,T,F,F,F
21787,19.5369,åªã‡,M,Ç¢Ç¢Ç¶,19700,45,F,F,F,F,F,F,F,F,F,T,F
28314,38.8062,∂∞ƒﬁ,F,ÇÕÇ¢,29200,37,F,F,F,F,F,T,F,T,F,F,T
24651,32.1216,åªã‡,F,Ç¢Ç¢Ç¶,22700,37,F,F,F,F,F,F,F,T,T,F,T
29367,43.3149,¡™Ø∏,M,ÇÕÇ¢,28800,35,F,F,F,F,F,T,F,F,F,F,F
15072,41.6457,∂∞ƒﬁ,M,Ç¢Ç¢Ç¶,28400,34,F,F,F,F,F,T,F,F,F,F,F
33622,39.2378,åªã‡,M,Ç¢Ç¢Ç¶,26200,25,T,F,F,F,F,F,T,T,F,T,F
42167,10.6201,∂∞ƒﬁ,F,Ç¢Ç¢Ç¶,11100,35,F,T,F,F,F,F,F,T,T,F,F
43550,10.5365,åªã‡,M,Ç¢Ç¢Ç¶,10200,47,F,F,F,T,F,T,T,F,T,F,F
18724,49.1775,åªã‡,F,Ç¢Ç¢Ç¶,13500,17,F,F,T,F,F,F,T,F,F,F,F
91019,48.4029,∂∞ƒﬁ,M,ÇÕÇ¢,24100,29,F,F,F,F,F,F,F,T,F,F,F
68193,15.7157,∂∞ƒﬁ,F,ÇÕÇ¢,29600,24,T,F,F,F,F,F,F,F,F,F,F
35262,26.2512,¡™Ø∏,M,ÇÕÇ¢,18100,22,T,F,F,T,F,F,T,T,F,F,F
93401,45.7963,∂∞ƒﬁ,F,ÇÕÇ¢,29700,25,F,F,F,F,F,F,F,T,F,T,T
15177,24.7919,∂∞ƒﬁ,F,Ç¢Ç¢Ç¶,11700,46,F,F,F,F,F,F,F,F,F,F,T
96173,26.3483,∂∞ƒﬁ,F,Ç¢Ç¢Ç¶,13800,31,F,F,F,F,F,F,F,F,T,F,F
50180,35.5435,åªã‡,M,ÇÕÇ¢,23700,42,F,F,F,T,T,F,F,F,T,F,T
31828,30.426,∂∞ƒﬁ,M,Ç¢Ç¢Ç¶,12000,17,F,F,T,F,T,F,F,F,F,T,F
62022,42.7131,åªã‡,F,Ç¢Ç¢Ç¶,13300,40,F,F,F,F,F,F,F,T,F,F,T
105225,28.5341,åªã‡,M,Ç¢Ç¢Ç¶,21600,35,T,F,T,F,F,F,F,F,F,F,T
64668,31.2009,åªã‡,M,Ç¢Ç¢Ç¶,11200,49,F,F,T,T,T,T,T,F,T,F,F
53320,46.27,∂∞ƒﬁ,M,ÇÕÇ¢,18200,39,F,F,F,F,T,F,F,F,T,T,F
15068,17.8948,¡™Ø∏,M,ÇÕÇ¢,21400,50,F,F,F,F,F,F,T,F,F,F,F
99849,37.0252,åªã‡,F,ÇÕÇ¢,11400,17,T,F,T,F,F,F,F,F,F,F,F
63694,22.3043,∂∞ƒﬁ,F,ÇÕÇ¢,11700,29,T,F,T,T,F,F,F,F,F,F,F
24874,35.938,åªã‡,F,ÇÕÇ¢,26700,46,T,T,T,F,F,F,F,T,F,F,T
104988,24.3263,åªã‡,M,Ç¢Ç¢Ç¶,24800,39,F,F,F,F,T,F,F,F,F,F,F
84902,44.9991,∂∞ƒﬁ,M,ÇÕÇ¢,29600,50,F,F,F,F,F,T,F,F,F,F,F
96512,37.8721,∂∞ƒﬁ,F,Ç¢Ç¢Ç¶,20500,43,T,F,F,F,F,F,T,T,F,F,T
99575,19.2134,∂∞ƒﬁ,M,ÇÕÇ¢,28100,38,F,F,F,F,F,T,F,F,F,T,F
33413,37.9016,åªã‡,F,Ç¢Ç¢Ç¶,20700,39,F,F,F,F,F,T,F,T,F,F,T
57678,47.6595,¡™Ø∏,M,Ç¢Ç¢Ç¶,24900,29,F,F,F,F,F,T,F,F,F,F,F
89425,28.8615,¡™Ø∏,M,Ç¢Ç¢Ç¶,20300,17,T,F,F,T,F,F,T,F,F,T,F
60571,24.6707,åªã‡,F,Ç¢Ç¢Ç¶,18600,29,F,F,F,F,F,T,F,F,F,T,F
76095,28.0024,¡™Ø∏,M,ÇÕÇ¢,11000,46,F,F,F,T,F,T,T,F,F,F,F
48247,48.6794,¡™Ø∏,F,Ç¢Ç¢Ç¶,11000,50,F,F,F,F,F,F,F,F,F,F,F
88019,47.3606,¡™Ø∏,M,ÇÕÇ¢,23300,41,T,F,F,F,F,F,F,F,F,F,F
30850,17.1818,åªã‡,F,Ç¢Ç¢Ç¶,19900,34,T,F,F,F,F,F,F,F,F,T,F
66117,25.4945,¡™Ø∏,F,Ç¢Ç¢Ç¶,27200,26,F,F,F,F,T,F,F,F,F,T,F
97377,28.263,∂∞ƒﬁ,F,Ç¢Ç¢Ç¶,12700,24,F,F,F,F,F,F,T,F,F,F,F
101722,15.7228,¡™Ø∏,M,Ç¢Ç¢Ç¶,29400,31,F,T,F,F,F,T,F,F,F,T,F
43498,33.6065,¡™Ø∏,F,ÇÕÇ¢,17000,44,F,F,F,F,F,F,F,F,F,F,F
44562,13.532,¡™Ø∏,F,ÇÕÇ¢,28600,50,F,F,F,F,F,T,F,F,T,F,F
74710,16.3704,∂∞ƒﬁ,F,ÇÕÇ¢,27300,30,F,F,F,F,F,F,F,F,F,F,F
85585,36.426,∂∞ƒﬁ,F,ÇÕÇ¢,26300,46,F,F,F,F,F,F,F,T,T,F,T
97287,35.3706,¡™Ø∏,M,Ç¢Ç¢Ç¶,13800,49,F,F,F,T,F,T,T,T,F,T,F
19268,25.055,åªã‡,F,ÇÕÇ¢,11000,29,F,F,F,F,F,F,F,F,F,F,F
50150,39.5248,åªã‡,F,Ç¢Ç¢Ç¶,18800,27,T,F,F,F,F,F,F,T,T,T,F
67455,18.198,∂∞ƒﬁ,F,ÇÕÇ¢,19300,40,F,T,F,F,F,F,T,F,F,F,F
16350,31.8923,∂∞ƒﬁ,F,ÇÕÇ¢,22900,16,T,T,F,F,F,F,F,F,F,F,F
42778,35.2808,åªã‡,M,ÇÕÇ¢,15500,17,F,F,T,T,F,T,T,F,T,F,F
98181,16.351,åªã‡,F,ÇÕÇ¢,21900,24,F,F,T,F,F,F,F,F,T,F,T
106522,10.007,¡™Ø∏,M,ÇÕÇ¢,14500,22,F,F,F,T,F,T,T,F,F,F,F
36278,43.0066,åªã‡,M,Ç¢Ç¢Ç¶,20400,40,F,T,F,F,F,T,F,F,T,F,F
26130,12.6214,¡™Ø∏,F,Ç¢Ç¢Ç¶,18400,45,F,F,F,T,F,F,F,T,F,F,F
57851,29.562,åªã‡,F,ÇÕÇ¢,18700,43,T,F,F,F,T,F,T,F,F,F,T
81971,19.3672,åªã‡,M,Ç¢Ç¢Ç¶,28200,17,T,F,T,T,F,F,F,F,F,T,F
57068,22.8535,¡™Ø∏,M,Ç¢Ç¢Ç¶,20900,42,F,F,T,F,F,F,F,F,F,F,F
69122,32.0161,∂∞ƒﬁ,M,ÇÕÇ¢,29300,34,F,F,T,F,T,F,F,F,F,F,F
68489,22.5684,¡™Ø∏,F,ÇÕÇ¢,24900,18,F,F,F,F,F,T,F,F,F,T,F
46471,25.4795,¡™Ø∏,M,ÇÕÇ¢,17100,23,F,F,F,F,F,F,F,F,F,F,F
88359,23.0214,∂∞ƒﬁ,F,ÇÕÇ¢,19100,21,T,T,F,F,F,F,F,F,F,F,T
44294,38.5314,åªã‡,M,Ç¢Ç¢Ç¶,16300,18,F,F,T,T,F,T,T,F,F,F,F
95604,23.5058,¡™Ø∏,M,Ç¢Ç¢Ç¶,11600,44,F,F,F,T,T,T,T,T,F,T,F
103596,27.4252,∂∞ƒﬁ,F,Ç¢Ç¢Ç¶,12300,26,F,F,F,F,T,F,F,F,T,F,F
103473,25.0338,¡™Ø∏,F,ÇÕÇ¢,12100,26,F,F,F,F,T,T,F,F,F,F,F
94467,18.9589,åªã‡,M,ÇÕÇ¢,16600,49,F,F,F,T,F,T,T,F,T,T,F
38097,37.1385,åªã‡,M,Ç¢Ç¢Ç¶,11700,19,T,F,F,T,T,T,T,T,F,T,F
49632,10.7717,∂∞ƒﬁ,M,Ç¢Ç¢Ç¶,21700,21,F,F,F,T,T,F,F,F,F,T,T
82558,10.1074,∂∞ƒﬁ,F,ÇÕÇ¢,27500,22,F,T,F,F,F,F,T,T,T,F,F
50324,20.1004,åªã‡,M,ÇÕÇ¢,28900,16,F,T,F,F,F,F,F,F,T,T,F
38468,42.7908,∂∞ƒﬁ,F,ÇÕÇ¢,18300,23,F,F,F,F,F,F,F,F,F,F,F
38055,14.4497,∂∞ƒﬁ,F,ÇÕÇ¢,22600,25,T,F,F,F,F,F,F,F,F,F,F
74876,18.2937,åªã‡,M,ÇÕÇ¢,17100,45,F,F,T,F,F,F,T,F,F,F,T
18079,24.816,∂∞ƒﬁ,M,ÇÕÇ¢,19800,32,F,F,T,F,F,F,F,T,F,F,F
16316,39.1701,¡™Ø∏,M,Ç¢Ç¢Ç¶,23300,22,T,F,T,F,F,T,F,F,F,T,F
37166,16.4835,∂∞ƒﬁ,F,Ç¢Ç¢Ç¶,21600,23,T,F,F,F,F,F,T,F,F,T,F
18334,42.4343,åªã‡,F,Ç¢Ç¢Ç¶,25900,43,F,F,F,F,F,T,F,T,F,F,T
102645,13.4218,∂∞ƒﬁ,F,ÇÕÇ¢,17200,23,F,F,F,T,T,F,F,F,F,F,F
101100,18.9591,∂∞ƒﬁ,M,ÇÕÇ¢,16600,42,F,F,F,T,F,T,T,T,F,F,F
64861,18.7711,åªã‡,M,ÇÕÇ¢,27200,49,F,F,T,F,F,T,T,F,F,F,T
19041,14.6823,∂∞ƒﬁ,F,Ç¢Ç¢Ç¶,21100,23,T,T,F,T,F,F,F,F,F,T,F
85771,10.0455,∂∞ƒﬁ,F,Ç¢Ç¢Ç¶,15700,36,F,F,F,F,T,F,F,T,F,F,T
79303,39.6497,åªã‡,M,Ç¢Ç¢Ç¶,17000,19,T,F,T,F,F,F,F,F,F,T,F
92675,44.5153,¡™Ø∏,F,Ç¢Ç¢Ç¶,18100,47,F,T,F,F,F,F,F,F,F,F,F
71690,13.6361,åªã‡,F,Ç¢Ç¢Ç¶,29300,18,T,F,F,F,F,F,T,F,T,T,F
86350,12.184,∂∞ƒﬁ,F,Ç¢Ç¢Ç¶,18200,49,F,F,F,F,F,T,F,F,T,F,F
88260,29.7785,∂∞ƒﬁ,F,Ç¢Ç¢Ç¶,12000,34,F,F,T,T,F,F,F,F,F,F,F
86759,48.4566,∂∞ƒﬁ,F,Ç¢Ç¢Ç¶,14800,34,F,F,F,T,F,F,F,F,F,F,F
49861,38.8491,åªã‡,M,ÇÕÇ¢,20300,32,F,F,F,F,F,F,T,F,F,F,F
21543,13.9176,¡™Ø∏,F,Ç¢Ç¢Ç¶,28900,27,F,F,F,T,F,T,F,T,T,F,F
70481,31.7001,¡™Ø∏,M,ÇÕÇ¢,29800,30,F,F,F,T,F,F,T,F,T,T,F
29944,42.8985,åªã‡,M,Ç¢Ç¢Ç¶,29800,18,T,F,F,F,F,T,T,F,T,T,F
46054,14.2814,∂∞ƒﬁ,M,Ç¢Ç¢Ç¶,15000,46,F,T,F,T,T,T,T,F,T,F,T
61329,26.9282,∂∞ƒﬁ,F,ÇÕÇ¢,17200,49,T,F,F,F,F,F,F,F,F,F,F
24566,39.4489,∂∞ƒﬁ,F,ÇÕÇ¢,24300,34,F,F,F,T,T,F,F,T,F,T,T
58768,18.0798,¡™Ø∏,F,ÇÕÇ¢,10800,16,F,F,F,F,F,F,F,T,T,F,F
71343,48.2751,åªã‡,M,ÇÕÇ¢,13700,38,F,F,F,T,F,T,T,F,F,F,F
55418,20.8812,∂∞ƒﬁ,F,ÇÕÇ¢,16800,23,T,F,F,F,F,F,F,F,F,F,F
18228,31.7275,åªã‡,M,Ç¢Ç¢Ç¶,17700,41,F,F,F,T,F,F,F,F,F,F,F
37305,33.9607,∂∞ƒﬁ,M,Ç¢Ç¢Ç¶,18200,49,F,F,F,F,F,F,F,F,F,F,F
30243,30.3916,åªã‡,M,ÇÕÇ¢,11500,33,F,T,F,T,T,T,T,T,F,F,T
59599,27.4881,åªã‡,F,ÇÕÇ¢,18700,28,F,F,F,F,T,T,T,F,F,F,F
61869,31.8011,åªã‡,M,Ç¢Ç¢Ç¶,12100,46,T,F,F,T,F,T,T,T,F,F,F
10360,27.4012,¡™Ø∏,M,Ç¢Ç¢Ç¶,13400,20,F,F,F,T,F,T,T,F,F,T,F
83338,26.2061,åªã‡,M,Ç¢Ç¢Ç¶,18500,41,F,F,F,F,T,F,F,F,F,F,F
39080,18.3878,∂∞ƒﬁ,F,ÇÕÇ¢,21000,36,F,F,F,T,F,F,F,F,F,T,F
84799,31.3192,∂∞ƒﬁ,M,ÇÕÇ¢,17600,21,F,T,F,F,T,F,F,F,F,F,F
51979,20.5285,∂∞ƒﬁ,M,ÇÕÇ¢,11100,16,F,F,F,T,T,T,T,F,F,F,T
40505,43.0394,∂∞ƒﬁ,F,Ç¢Ç¢Ç¶,25400,50,F,T,T,F,F,F,F,T,F,F,T
37098,26.6378,∂∞ƒﬁ,F,ÇÕÇ¢,14100,37,T,T,F,F,F,F,F,F,T,F,F
29524,10.7127,åªã‡,F,ÇÕÇ¢,25100,37,F,F,F,T,F,F,F,F,F,F,F
63452,17.8916,åªã‡,M,Ç¢Ç¢Ç¶,12000,48,F,F,F,T,T,T,T,F,F,F,F
20158,23.7441,¡™Ø∏,M,ÇÕÇ¢,29000,43,F,F,F,F,T,F,F,F,F,T,F
70182,11.3005,∂∞ƒﬁ,F,ÇÕÇ¢,12200,18,F,F,F,T,F,T,F,F,F,F,F
56034,41.2711,åªã‡,M,Ç¢Ç¢Ç¶,14100,16,T,T,F,T,F,T,T,F,F,T,F
44235,27.7268,åªã‡,F,ÇÕÇ¢,23200,41,F,F,T,F,F,F,T,T,F,F,T
96881,14.6112,∂∞ƒﬁ,M,ÇÕÇ¢,11900,39,F,F,F,T,T,T,T,T,F,F,F
27166,13.4513,åªã‡,F,ÇÕÇ¢,25100,44,F,F,F,F,F,F,F,F,F,F,F
39884,31.2737,åªã‡,M,Ç¢Ç¢Ç¶,29700,21,F,F,F,F,F,F,F,T,F,F,F
95141,45.3427,∂∞ƒﬁ,F,ÇÕÇ¢,20900,37,T,F,F,F,F,F,F,T,F,F,T
28110,27.6974,∂∞ƒﬁ,M,ÇÕÇ¢,12100,21,F,F,F,F,F,T,F,F,F,F,F
85259,40.9303,∂∞ƒﬁ,F,ÇÕÇ¢,11000,22,T,F,F,F,F,T,T,F,F,F,F
14996,22.2591,åªã‡,M,ÇÕÇ¢,26100,17,F,T,T,T,F,T,F,F,F,T,T
55652,41.7166,∂∞ƒﬁ,M,Ç¢Ç¢Ç¶,14100,20,T,F,F,T,F,T,T,F,F,T,F
43964,29.4585,åªã‡,F,Ç¢Ç¢Ç¶,18500,24,T,F,F,T,F,F,F,T,F,F,F
51183,22.3157,åªã‡,F,Ç¢Ç¢Ç¶,23100,25,F,F,F,F,F,F,F,F,F,F,F
29310,49.8459,åªã‡,M,ÇÕÇ¢,28900,22,F,F,F,F,F,F,F,T,T,F,F
21187,20.5744,¡™Ø∏,F,ÇÕÇ¢,15400,36,F,T,F,F,F,F,T,F,F,F,F
83536,31.9368,åªã‡,F,Ç¢Ç¢Ç¶,11600,22,F,F,F,F,F,F,T,F,T,T,F
95887,43.1964,åªã‡,M,Ç¢Ç¢Ç¶,12500,27,F,F,F,T,T,T,T,F,T,F,F
88176,34.5366,∂∞ƒﬁ,F,ÇÕÇ¢,28300,31,F,F,T,F,F,T,F,T,T,F,T
65418,38.6017,åªã‡,F,ÇÕÇ¢,24600,48,F,F,F,F,F,F,F,T,F,F,T
27766,40.0773,∂∞ƒﬁ,F,Ç¢Ç¢Ç¶,18900,34,T,F,F,F,F,F,T,F,F,F,F
66191,37.5233,åªã‡,F,Ç¢Ç¢Ç¶,22600,35,T,F,T,F,F,T,T,F,F,F,F
108764,44.6294,åªã‡,M,ÇÕÇ¢,10200,27,F,F,F,T,F,T,T,T,F,T,F
12782,31.3296,¡™Ø∏,F,Ç¢Ç¢Ç¶,20300,31,F,F,F,T,F,F,T,F,F,F,F
75118,31.7774,¡™Ø∏,F,ÇÕÇ¢,22200,49,F,F,F,F,T,F,F,F,F,F,F
58188,36.0631,∂∞ƒﬁ,M,Ç¢Ç¢Ç¶,29900,19,T,F,F,F,T,F,F,F,F,T,F
95479,45.7417,¡™Ø∏,M,Ç¢Ç¢Ç¶,22700,32,F,F,F,T,T,F,F,T,F,F,T
59439,20.7784,åªã‡,M,ÇÕÇ¢,22000,24,T,F,F,F,F,F,T,F,F,F,F
104903,34.4437,åªã‡,F,Ç¢Ç¢Ç¶,28200,30,T,F,F,F,F,F,F,T,F,F,T
44825,36.9448,∂∞ƒﬁ,F,Ç¢Ç¢Ç¶,12600,50,F,T,F,F,F,F,F,F,F,T,T
71887,30.067,åªã‡,M,Ç¢Ç¢Ç¶,14700,46,F,T,F,T,F,T,T,T,F,T,T
18708,30.7868,åªã‡,F,ÇÕÇ¢,25900,35,F,F,F,T,T,T,T,F,F,T,F
74423,22.3177,åªã‡,F,ÇÕÇ¢,20000,18,F,F,F,F,F,F,T,F,F,F,F
97967,11.5144,åªã‡,F,Ç¢Ç¢Ç¶,27600,48,F,F,F,F,F,F,F,F,T,T,F
20386,39.8296,¡™Ø∏,F,ÇÕÇ¢,15400,32,F,F,T,F,F,F,F,F,F,F,F
77218,38.2717,∂∞ƒﬁ,M,Ç¢Ç¢Ç¶,16500,34,T,F,F,T,F,T,T,T,F,T,F
80137,12.847,åªã‡,F,Ç¢Ç¢Ç¶,22200,33,F,F,F,F,F,F,F,F,F,F,F
84092,34.8497,∂∞ƒﬁ,F,Ç¢Ç¢Ç¶,22000,48,T,F,T,F,F,T,F,T,T,T,T
58914,28.9163,∂∞ƒﬁ,F,ÇÕÇ¢,25500,50,F,F,F,F,F,T,F,F,F,F,F
16287,42.5534,åªã‡,F,Ç¢Ç¢Ç¶,25800,16,T,F,F,F,F,F,F,T,T,F,T
86044,30.5434,∂∞ƒﬁ,M,Ç¢Ç¢Ç¶,13900,30,F,F,F,T,F,T,T,T,T,F,F
36927,20.1812,¡™Ø∏,M,Ç¢Ç¢Ç¶,11100,35,F,F,F,T,F,T,T,F,F,F,T
93304,42.4567,∂∞ƒﬁ,M,Ç¢Ç¢Ç¶,28200,34,F,F,F,F,F,T,F,F,F,F,T
66988,17.9591,∂∞ƒﬁ,M,ÇÕÇ¢,12300,43,F,F,F,T,F,T,T,F,F,T,F
55091,40.2274,åªã‡,M,Ç¢Ç¢Ç¶,24400,19,F,F,F,F,T,F,T,F,F,F,F
64215,17.0993,åªã‡,M,Ç¢Ç¢Ç¶,15300,42,T,F,F,T,T,T,T,F,F,F,F
28629,44.8107,åªã‡,M,Ç¢Ç¢Ç¶,26200,31,F,F,F,F,F,F,T,F,F,F,T
98383,33.8642,åªã‡,M,Ç¢Ç¢Ç¶,24500,32,F,F,F,T,T,T,F,F,F,F,T
107505,21.3633,åªã‡,F,ÇÕÇ¢,25000,32,F,F,F,F,F,F,F,F,F,F,T
99578,15.7681,∂∞ƒﬁ,M,Ç¢Ç¢Ç¶,24300,27,F,F,F,F,T,F,F,F,T,F,T
28979,35.8494,¡™Ø∏,F,ÇÕÇ¢,20100,21,F,F,F,T,F,F,F,T,F,F,T
102733,28.5154,åªã‡,F,Ç¢Ç¢Ç¶,17200,24,T,F,F,F,F,F,F,F,F,T,T
81690,37.3617,∂∞ƒﬁ,F,Ç¢Ç¢Ç¶,23900,36,F,F,F,F,F,F,F,T,F,F,T
25405,36.4166,∂∞ƒﬁ,M,Ç¢Ç¢Ç¶,27600,36,F,F,F,F,T,F,F,F,F,T,F
85348,40.2677,¡™Ø∏,F,ÇÕÇ¢,12400,24,F,F,F,F,T,F,F,F,F,F,F
19915,40.0868,åªã‡,F,Ç¢Ç¢Ç¶,15700,21,T,F,F,F,T,F,F,F,F,T,F
99387,10.6184,åªã‡,F,Ç¢Ç¢Ç¶,16500,49,F,T,F,F,T,F,F,F,F,F,T
32380,11.1224,∂∞ƒﬁ,F,ÇÕÇ¢,18900,20,T,F,F,T,F,F,F,T,F,F,F
39914,36.7285,∂∞ƒﬁ,F,ÇÕÇ¢,13700,26,T,F,T,F,F,F,F,F,F,F,F
57952,35.1487,¡™Ø∏,F,Ç¢Ç¢Ç¶,26900,48,F,F,F,T,F,F,F,T,F,F,T
64239,27.5083,∂∞ƒﬁ,M,ÇÕÇ¢,15800,22,F,F,F,T,F,T,T,T,T,F,F
38014,23.331,¡™Ø∏,F,Ç¢Ç¢Ç¶,16000,42,F,T,F,T,T,T,F,F,T,F,F
21875,10.7267,åªã‡,F,Ç¢Ç¢Ç¶,25000,17,T,F,F,F,F,F,F,T,F,T,F
37939,49.7316,∂∞ƒﬁ,M,ÇÕÇ¢,28300,18,T,T,F,F,T,F,F,F,T,F,F
109061,37.3485,åªã‡,F,Ç¢Ç¢Ç¶,27800,50,F,T,F,F,F,F,F,T,F,F,T
100754,11.3294,¡™Ø∏,F,Ç¢Ç¢Ç¶,17100,16,T,F,F,T,F,T,F,F,F,T,F
28313,34.8889,åªã‡,F,Ç¢Ç¢Ç¶,27700,48,T,F,F,F,F,F,F,T,F,F,T
82753,37.5762,¡™Ø∏,F,ÇÕÇ¢,23200,42,T,T,T,F,F,F,F,T,F,F,T
105412,18.3099,åªã‡,M,Ç¢Ç¢Ç¶,18500,29,F,F,F,F,F,F,T,F,F,F,F
42583,35.6757,åªã‡,F,ÇÕÇ¢,13300,24,F,F,F,F,F,F,F,F,F,F,F
89233,37.6838,∂∞ƒﬁ,F,ÇÕÇ¢,28400,17,F,T,F,F,F,F,F,F,F,F,F
76777,43.748,∂∞ƒﬁ,F,Ç¢Ç¢Ç¶,26900,28,F,F,F,F,F,F,F,T,F,F,T
16220,34.7872,¡™Ø∏,M,Ç¢Ç¢Ç¶,15300,33,F,F,F,T,F,T,T,F,T,F,T
17864,35.6562,¡™Ø∏,F,Ç¢Ç¢Ç¶,28900,18,T,F,T,F,F,F,F,T,F,T,T
87270,31.4868,¡™Ø∏,M,Ç¢Ç¢Ç¶,21300,29,F,F,T,T,T,F,F,T,F,F,F
34593,35.8231,∂∞ƒﬁ,M,ÇÕÇ¢,26800,50,F,F,T,F,T,T,F,T,F,F,F
67697,12.9477,∂∞ƒﬁ,M,Ç¢Ç¢Ç¶,18200,44,F,F,T,F,F,T,F,F,F,F,F
32302,33.8303,∂∞ƒﬁ,F,ÇÕÇ¢,12500,37,F,F,F,F,F,F,F,F,F,F,F
15663,45.1901,∂∞ƒﬁ,F,ÇÕÇ¢,19700,45,F,F,F,F,F,F,T,F,F,F,F
108601,14.1216,åªã‡,M,Ç¢Ç¢Ç¶,17100,49,F,F,F,F,F,F,F,T,F,T,F
55951,15.6793,∂∞ƒﬁ,M,Ç¢Ç¢Ç¶,23600,39,F,F,F,F,F,F,F,T,F,F,T
39817,13.2005,åªã‡,F,ÇÕÇ¢,17500,49,F,F,F,F,F,F,T,F,F,F,F
19613,46.1507,∂∞ƒﬁ,F,ÇÕÇ¢,11000,45,F,F,F,F,T,F,F,F,F,F,F
71600,47.3234,¡™Ø∏,M,Ç¢Ç¢Ç¶,12400,33,T,F,F,T,T,T,T,T,F,T,F
96561,30.3759,∂∞ƒﬁ,M,Ç¢Ç¢Ç¶,17000,29,F,F,F,F,F,F,F,F,F,F,F
90861,38.2559,åªã‡,F,ÇÕÇ¢,18600,29,T,T,F,F,F,F,F,F,F,F,T
68501,15.3726,¡™Ø∏,F,Ç¢Ç¢Ç¶,24000,31,T,T,F,F,F,F,F,F,T,T,F
30132,23.9357,åªã‡,M,Ç¢Ç¢Ç¶,15700,23,T,F,T,T,F,T,T,F,F,T,F
78639,32.0691,åªã‡,M,Ç¢Ç¢Ç¶,27900,48,F,F,F,F,F,F,F,F,F,T,F
46419,45.3239,∂∞ƒﬁ,F,Ç¢Ç¢Ç¶,20000,27,F,F,F,F,F,F,F,F,F,F,T
50633,23.0638,¡™Ø∏,M,ÇÕÇ¢,19200,46,F,F,F,F,F,F,F,F,F,F,T
11553,15.1133,åªã‡,M,Ç¢Ç¢Ç¶,28300,27,F,F,F,F,F,F,F,F,F,F,T
65853,20.6815,åªã‡,M,ÇÕÇ¢,17500,33,T,F,T,F,F,F,F,F,F,F,F
47547,42.8159,åªã‡,F,ÇÕÇ¢,16900,46,F,F,F,F,F,F,F,F,T,F,F
38360,35.0157,åªã‡,F,ÇÕÇ¢,14700,27,F,F,F,T,F,F,F,F,F,F,F
107728,16.9603,¡™Ø∏,F,Ç¢Ç¢Ç¶,26800,49,F,T,F,F,F,T,T,T,F,F,F
30390,26.6278,åªã‡,M,ÇÕÇ¢,21400,25,F,F,F,F,F,F,F,F,T,F,F
75815,19.1927,∂∞ƒﬁ,F,ÇÕÇ¢,19200,40,F,F,F,F,F,T,F,T,F,F,T
106288,10.0926,¡™Ø∏,F,ÇÕÇ¢,12300,23,F,F,F,T,F,F,F,F,F,F,T
88596,34.1082,åªã‡,F,Ç¢Ç¢Ç¶,28400,38,F,F,T,F,F,F,F,T,T,F,T
93469,32.7656,¡™Ø∏,M,Ç¢Ç¢Ç¶,24800,16,T,F,T,T,T,T,F,F,T,T,F
34756,15.2704,∂∞ƒﬁ,F,ÇÕÇ¢,15900,18,F,F,F,F,F,F,F,F,F,F,F
12584,46.6323,∂∞ƒﬁ,F,ÇÕÇ¢,17400,29,T,F,F,F,F,F,T,T,F,F,T
107080,29.4064,∂∞ƒﬁ,F,Ç¢Ç¢Ç¶,25100,43,F,F,F,T,F,F,F,F,F,F,F
73651,14.1309,åªã‡,M,ÇÕÇ¢,11700,22,T,T,F,F,F,F,F,F,F,F,F
54180,43.0372,åªã‡,M,Ç¢Ç¢Ç¶,13500,32,F,T,F,T,F,T,T,F,F,F,F
45102,32.5518,åªã‡,M,Ç¢Ç¢Ç¶,28800,16,T,F,F,F,F,T,F,F,F,T,F
85475,37.0037,∂∞ƒﬁ,M,ÇÕÇ¢,24500,47,T,F,F,F,F,F,F,T,F,F,F
78363,49.4132,∂∞ƒﬁ,M,ÇÕÇ¢,10600,18,T,F,F,T,F,T,T,T,F,F,F
23718,37.8611,¡™Ø∏,M,ÇÕÇ¢,29700,37,F,F,F,T,F,T,F,T,F,T,F
54152,20.595,∂∞ƒﬁ,M,ÇÕÇ¢,24400,38,F,F,F,F,F,T,T,T,F,F,F
93963,49.1922,∂∞ƒﬁ,M,ÇÕÇ¢,25100,21,F,T,F,F,F,F,F,F,F,F,F
35561,34.4236,åªã‡,M,ÇÕÇ¢,13300,24,F,F,F,F,F,T,F,F,F,F,T
30371,30.8872,∂∞ƒﬁ,F,ÇÕÇ¢,23100,24,T,F,F,F,F,F,F,F,F,F,F
93669,27.7032,¡™Ø∏,F,Ç¢Ç¢Ç¶,21600,37,F,F,F,T,F,F,F,T,F,F,T
70858,20.9462,åªã‡,M,ÇÕÇ¢,17600,46,T,T,F,T,F,F,F,F,F,T,T
103147,43.8622,∂∞ƒﬁ,M,ÇÕÇ¢,18100,28,F,F,F,T,F,F,F,F,F,F,F
80198,34.267,∂∞ƒﬁ,F,Ç¢Ç¢Ç¶,28300,47,F,F,F,F,F,F,T,T,F,F,T
42459,32.6446,∂∞ƒﬁ,F,ÇÕÇ¢,23800,47,F,F,F,F,T,T,F,T,T,F,T
36631,27.0515,åªã‡,M,ÇÕÇ¢,22100,16,F,F,F,F,F,F,F,F,F,F,F
43800,44.2831,∂∞ƒﬁ,F,ÇÕÇ¢,27900,36,F,F,F,T,F,F,T,T,F,F,T
60240,21.9871,åªã‡,M,ÇÕÇ¢,23800,45,F,F,F,F,F,F,F,F,F,F,F
29640,28.5955,åªã‡,F,Ç¢Ç¢Ç¶,17800,27,F,F,F,T,T,T,F,T,F,F,F
109000,14.9647,åªã‡,F,ÇÕÇ¢,17800,22,F,F,F,T,T,F,F,T,T,F,F
108739,10.9737,åªã‡,M,Ç¢Ç¢Ç¶,20800,29,T,F,F,F,F,F,F,T,T,F,T
104165,32.2963,∂∞ƒﬁ,M,Ç¢Ç¢Ç¶,25400,43,F,F,F,F,F,F,F,T,F,F,F
73630,10.4506,∂∞ƒﬁ,F,Ç¢Ç¢Ç¶,19800,25,F,F,F,T,T,F,F,T,F,F,F
25765,35.6814,¡™Ø∏,F,ÇÕÇ¢,30000,25,F,F,F,F,F,F,F,T,F,F,T
84903,32.8053,∂∞ƒﬁ,F,Ç¢Ç¢Ç¶,29600,17,T,F,F,F,F,T,F,F,T,T,F
99347,34.6651,∂∞ƒﬁ,F,ÇÕÇ¢,23100,44,F,T,T,T,F,F,F,T,F,F,T
41157,20.2332,åªã‡,F,Ç¢Ç¢Ç¶,15200,40,T,F,T,F,T,T,F,F,T,F,F
20325,15.356,∂∞ƒﬁ,M,ÇÕÇ¢,26600,24,F,T,T,F,F,T,F,T,F,F,F
71462,40.9979,∂∞ƒﬁ,F,ÇÕÇ¢,26300,42,F,T,F,F,F,F,F,T,F,F,T
91928,12.3639,∂∞ƒﬁ,F,Ç¢Ç¢Ç¶,14300,19,T,F,F,F,T,F,F,T,T,T,T
80306,31.9965,åªã‡,F,Ç¢Ç¢Ç¶,15200,27,F,F,T,F,T,T,T,T,F,F,F
78113,14.3918,åªã‡,F,ÇÕÇ¢,23800,22,T,F,F,T,F,F,F,T,F,F,F
95488,11.9753,∂∞ƒﬁ,F,Ç¢Ç¢Ç¶,18100,26,T,F,T,F,F,F,F,F,F,F,F
27720,37.4582,∂∞ƒﬁ,F,Ç¢Ç¢Ç¶,13400,16,F,F,F,F,F,T,F,F,F,T,F
76264,15.99,¡™Ø∏,M,Ç¢Ç¢Ç¶,29700,16,T,T,F,F,F,F,F,F,F,T,F
38477,13.8168,åªã‡,M,ÇÕÇ¢,16500,38,F,T,F,F,F,F,F,F,F,F,T
43557,24.5056,åªã‡,F,ÇÕÇ¢,10800,25,T,F,F,F,F,F,F,F,F,F,F
10609,14.2389,¡™Ø∏,F,Ç¢Ç¢Ç¶,16700,41,T,F,F,F,F,F,F,F,F,T,F
73259,16.8793,∂∞ƒﬁ,F,Ç¢Ç¢Ç¶,24700,42,T,F,F,F,T,F,F,F,F,F,F
18920,45.3683,åªã‡,M,Ç¢Ç¢Ç¶,15800,49,F,F,F,T,F,F,F,T,T,F,F
39581,29.2526,åªã‡,F,ÇÕÇ¢,27900,49,F,F,F,F,F,F,F,F,F,F,F
14912,39.1559,¡™Ø∏,M,ÇÕÇ¢,28100,28,F,F,F,T,F,T,T,T,F,F,F
80438,15.8347,∂∞ƒﬁ,M,Ç¢Ç¢Ç¶,19600,38,F,F,F,F,F,F,F,T,F,F,T
81034,20.9511,¡™Ø∏,M,ÇÕÇ¢,12800,28,F,T,F,T,T,T,T,F,F,F,F
89250,43.6042,åªã‡,F,Ç¢Ç¢Ç¶,27900,29,F,T,F,F,T,F,F,T,F,F,T
96982,15.4964,∂∞ƒﬁ,M,ÇÕÇ¢,15300,49,T,F,F,T,F,T,T,F,F,F,F
89872,15.6822,∂∞ƒﬁ,F,ÇÕÇ¢,19100,40,F,F,F,F,F,F,T,F,F,F,F
71140,22.0941,∂∞ƒﬁ,M,ÇÕÇ¢,25800,42,F,F,F,F,F,F,T,F,F,F,F
83650,33.5584,åªã‡,F,ÇÕÇ¢,27000,22,F,F,F,F,F,F,F,F,F,T,F
14891,18.391,åªã‡,F,Ç¢Ç¢Ç¶,27400,26,F,F,F,T,F,F,F,F,F,F,F
83523,45.8037,åªã‡,M,Ç¢Ç¢Ç¶,17400,40,F,F,F,F,F,F,F,F,F,F,F
48896,30.4368,åªã‡,F,ÇÕÇ¢,17200,22,F,F,F,F,F,F,F,F,F,F,F
68438,23.4241,åªã‡,F,ÇÕÇ¢,21700,46,T,F,F,F,F,F,F,F,F,F,T
86681,15.0004,¡™Ø∏,F,Ç¢Ç¢Ç¶,13500,50,F,F,F,F,F,F,F,F,F,F,F
66267,15.686,åªã‡,F,Ç¢Ç¢Ç¶,27300,21,T,T,T,F,F,F,T,T,F,T,T
87975,27.82,∂∞ƒﬁ,F,Ç¢Ç¢Ç¶,17900,26,F,F,T,F,F,F,F,F,F,T,F
39970,46.7406,¡™Ø∏,M,ÇÕÇ¢,13900,22,F,F,F,T,F,T,T,F,F,F,F
104111,27.4529,∂∞ƒﬁ,F,ÇÕÇ¢,12300,20,F,F,T,F,F,F,F,F,F,T,T
92209,30.904,¡™Ø∏,F,ÇÕÇ¢,22700,17,F,T,T,F,T,F,F,F,F,F,F
66711,41.407,åªã‡,F,Ç¢Ç¢Ç¶,15400,48,F,F,T,F,F,F,F,F,F,F,F
102215,13.1647,åªã‡,M,ÇÕÇ¢,14400,47,F,F,F,T,F,T,T,F,F,F,F
34750,21.9036,∂∞ƒﬁ,F,Ç¢Ç¢Ç¶,27800,48,T,F,F,T,T,F,T,F,F,F,F
62060,40.7025,∂∞ƒﬁ,M,ÇÕÇ¢,11100,42,F,F,F,T,F,T,T,F,F,F,F
25524,45.9486,∂∞ƒﬁ,M,Ç¢Ç¢Ç¶,25900,36,F,F,F,T,T,T,F,F,F,F,F
45992,13.6452,åªã‡,F,ÇÕÇ¢,16500,49,F,F,F,F,F,F,F,F,F,F,F
47341,31.9765,∂∞ƒﬁ,M,Ç¢Ç¢Ç¶,20300,16,T,F,F,F,F,T,F,F,F,T,T
67799,16.9724,∂∞ƒﬁ,F,Ç¢Ç¢Ç¶,21300,16,T,F,F,F,F,T,F,F,F,T,T
47136,22.032,åªã‡,F,Ç¢Ç¢Ç¶,24400,43,F,F,F,F,F,F,F,F,F,T,F
17375,12.7641,¡™Ø∏,M,ÇÕÇ¢,21800,22,F,F,F,F,T,F,F,F,F,F,F
40789,11.186,åªã‡,F,Ç¢Ç¢Ç¶,12800,16,T,F,T,F,F,F,F,F,F,T,T
27673,37.5651,åªã‡,F,ÇÕÇ¢,29000,36,F,F,T,F,F,T,T,T,F,F,T
45375,39.4947,∂∞ƒﬁ,M,Ç¢Ç¢Ç¶,25100,50,F,F,F,F,T,T,F,F,F,F,F
58341,32.8363,åªã‡,F,ÇÕÇ¢,12900,38,F,F,F,T,T,F,F,F,F,F,F
37523,27.6713,∂∞ƒﬁ,F,Ç¢Ç¢Ç¶,25200,16,T,T,T,T,F,F,F,T,T,T,F
84042,18.1849,åªã‡,M,Ç¢Ç¢Ç¶,14200,27,F,T,F,T,T,T,T,F,F,F,F
64561,23.6794,åªã‡,F,ÇÕÇ¢,28200,33,F,F,F,F,T,F,F,F,T,F,F
71078,10.8529,∂∞ƒﬁ,M,ÇÕÇ¢,23800,31,F,F,F,F,F,F,F,F,F,F,F
43044,29.8836,åªã‡,M,ÇÕÇ¢,21700,32,T,T,F,F,F,F,F,F,T,F,F
32369,21.9204,¡™Ø∏,M,ÇÕÇ¢,23500,21,F,F,F,T,F,F,F,F,F,F,T
31552,36.2776,∂∞ƒﬁ,M,ÇÕÇ¢,23700,17,T,F,T,F,F,F,F,F,F,F,T
41805,48.5787,åªã‡,M,Ç¢Ç¢Ç¶,16300,25,F,F,F,T,F,T,T,F,F,T,T
46686,29.5925,¡™Ø∏,F,Ç¢Ç¢Ç¶,17500,34,F,F,T,F,F,F,F,F,F,F,F
95896,37.2821,∂∞ƒﬁ,M,ÇÕÇ¢,29100,21,F,F,F,F,F,F,F,T,F,F,F
63829,29.8575,∂∞ƒﬁ,F,Ç¢Ç¢Ç¶,13100,45,F,F,F,F,F,F,T,F,F,F,T
84180,10.4233,¡™Ø∏,M,ÇÕÇ¢,12800,47,F,F,F,T,F,T,T,F,F,F,F
91972,49.1579,∂∞ƒﬁ,F,Ç¢Ç¢Ç¶,26700,18,T,F,F,F,F,T,F,T,F,T,T
40542,44.2289,∂∞ƒﬁ,F,Ç¢Ç¢Ç¶,16300,42,F,F,F,F,F,F,F,F,F,F,F
44452,12.6097,∂∞ƒﬁ,F,Ç¢Ç¢Ç¶,11900,30,T,F,F,F,T,F,T,F,F,F,F
87151,44.1181,¡™Ø∏,F,Ç¢Ç¢Ç¶,21400,30,F,F,T,F,T,T,F,T,F,T,T
23501,10.225,åªã‡,M,ÇÕÇ¢,23000,49,F,F,F,F,F,F,F,T,T,T,T
25387,11.4154,∂∞ƒﬁ,F,ÇÕÇ¢,14900,36,F,F,F,F,F,F,F,F,F,F,F
96584,17.3355,åªã‡,M,ÇÕÇ¢,26600,39,T,F,F,F,F,F,F,F,T,F,F
15306,22.3248,åªã‡,M,Ç¢Ç¢Ç¶,16500,41,F,F,F,T,T,T,T,F,F,F,F
93920,22.5392,∂∞ƒﬁ,M,ÇÕÇ¢,16100,18,F,T,F,T,F,T,T,T,F,F,F
103316,29.3125,åªã‡,M,ÇÕÇ¢,17900,46,F,T,F,F,F,F,F,F,F,F,T
17110,12.7214,åªã‡,M,ÇÕÇ¢,14700,45,F,F,F,T,T,T,T,F,F,F,F
71652,34.0689,∂∞ƒﬁ,M,ÇÕÇ¢,13300,29,F,F,T,T,F,T,T,F,F,F,F
67211,16.8537,∂∞ƒﬁ,F,Ç¢Ç¢Ç¶,23600,43,F,F,F,F,F,F,F,F,F,F,F
88886,18.932,∂∞ƒﬁ,M,ÇÕÇ¢,15300,25,F,F,F,T,F,F,F,F,F,F,F
29224,40.9484,∂∞ƒﬁ,F,Ç¢Ç¢Ç¶,24900,16,T,F,F,F,T,F,T,T,F,T,T
46005,30.8594,∂∞ƒﬁ,M,Ç¢Ç¢Ç¶,26200,32,F,F,F,F,F,F,F,F,F,F,F
43111,43.4371,åªã‡,F,ÇÕÇ¢,11400,27,F,F,T,T,F,F,F,F,T,F,F
18126,34.7134,∂∞ƒﬁ,F,Ç¢Ç¢Ç¶,14200,19,T,F,F,T,F,F,F,T,T,T,F
87101,23.0974,¡™Ø∏,M,Ç¢Ç¢Ç¶,15000,23,T,F,F,F,T,T,F,F,F,T,T
102934,37.7352,¡™Ø∏,F,Ç¢Ç¢Ç¶,29400,45,T,F,F,F,F,F,F,T,F,F,T
100328,30.4099,¡™Ø∏,M,ÇÕÇ¢,10700,36,F,T,F,T,F,T,T,F,F,T,F
94108,21.3634,åªã‡,M,Ç¢Ç¢Ç¶,18500,42,F,F,T,F,F,F,F,T,T,F,F
47913,49.0675,¡™Ø∏,F,Ç¢Ç¢Ç¶,28900,25,F,F,T,F,F,F,F,T,F,F,T
17809,39.6015,∂∞ƒﬁ,M,ÇÕÇ¢,27100,20,F,F,F,F,F,F,F,F,F,F,T
45019,47.2341,∂∞ƒﬁ,M,Ç¢Ç¢Ç¶,19800,48,F,T,F,F,F,F,F,F,F,F,F
55552,41.6462,∂∞ƒﬁ,M,ÇÕÇ¢,19800,50,T,F,F,F,F,F,F,F,F,T,F
92883,18.8207,∂∞ƒﬁ,F,Ç¢Ç¢Ç¶,24500,27,T,F,F,F,F,F,F,F,F,F,F
89649,26.9621,¡™Ø∏,F,Ç¢Ç¢Ç¶,28200,24,T,F,F,F,F,F,F,F,F,T,T
38063,36.0742,åªã‡,F,Ç¢Ç¢Ç¶,29400,16,T,F,F,F,F,F,F,T,F,T,T
11230,46.279,åªã‡,M,Ç¢Ç¢Ç¶,24400,42,F,F,T,F,F,F,F,F,F,T,T
89302,20.4889,∂∞ƒﬁ,F,ÇÕÇ¢,12000,39,F,F,F,F,F,F,F,F,F,T,F
35707,16.5348,åªã‡,M,Ç¢Ç¢Ç¶,25300,42,F,F,F,F,F,F,F,F,T,T,F
90264,10.4971,∂∞ƒﬁ,M,Ç¢Ç¢Ç¶,24300,18,T,F,F,F,F,F,F,F,F,T,F
79875,10.0844,¡™Ø∏,F,Ç¢Ç¢Ç¶,19800,39,F,T,F,F,F,F,F,F,F,F,F
74463,16.7073,∂∞ƒﬁ,F,ÇÕÇ¢,25400,36,F,F,F,T,F,T,F,F,T,F,F
56258,21.5804,∂∞ƒﬁ,F,Ç¢Ç¢Ç¶,14500,48,T,F,F,F,F,F,F,T,T,F,F
81836,32.9521,¡™Ø∏,M,Ç¢Ç¢Ç¶,11800,48,F,F,F,F,F,T,F,F,T,T,F
95026,13.4226,åªã‡,F,ÇÕÇ¢,13400,29,F,F,T,F,F,F,F,F,F,T,T
87482,40.101,∂∞ƒﬁ,F,ÇÕÇ¢,14200,38,T,F,F,F,T,T,F,T,F,F,F
20556,20.4104,∂∞ƒﬁ,M,Ç¢Ç¢Ç¶,13900,18,T,F,F,F,F,F,T,F,F,T,F
68058,49.8863,åªã‡,F,Ç¢Ç¢Ç¶,29000,22,T,F,T,F,F,F,F,T,F,T,T
23845,12.4227,∂∞ƒﬁ,F,ÇÕÇ¢,15400,47,F,F,T,F,F,F,T,F,F,F,F
39952,35.3369,∂∞ƒﬁ,M,Ç¢Ç¢Ç¶,15900,37,F,F,F,T,F,T,T,F,T,F,F
33172,31.065,∂∞ƒﬁ,M,ÇÕÇ¢,19700,48,F,T,F,F,F,F,F,F,F,F,T
71254,17.1837,¡™Ø∏,F,ÇÕÇ¢,29400,45,F,T,F,F,F,T,F,F,F,F,F
36190,28.4132,¡™Ø∏,M,ÇÕÇ¢,15500,18,F,F,F,T,F,T,T,F,T,F,F
15099,11.2731,∂∞ƒﬁ,M,Ç¢Ç¢Ç¶,15700,16,T,F,F,T,F,T,T,F,F,T,F
100256,11.9099,¡™Ø∏,M,Ç¢Ç¢Ç¶,12800,33,F,F,F,T,F,T,T,T,F,F,F
51384,14.8697,åªã‡,F,Ç¢Ç¢Ç¶,11200,47,F,F,F,F,F,F,F,F,F,T,F
54190,36.4736,åªã‡,F,ÇÕÇ¢,19300,24,F,F,F,F,F,F,F,F,F,F,F
84756,29.1981,∂∞ƒﬁ,M,ÇÕÇ¢,28300,32,F,F,F,F,F,F,F,F,F,T,T
28755,43.9948,¡™Ø∏,F,ÇÕÇ¢,11000,25,F,F,F,F,F,F,F,F,F,T,T
73480,13.9759,¡™Ø∏,M,Ç¢Ç¢Ç¶,13500,41,F,F,F,T,F,T,T,F,F,F,T
86217,19.5378,∂∞ƒﬁ,M,ÇÕÇ¢,14300,43,F,F,F,T,F,T,T,F,F,F,F
91055,24.7818,∂∞ƒﬁ,F,ÇÕÇ¢,15200,23,F,F,T,F,F,F,F,F,T,F,F
80297,37.2746,¡™Ø∏,F,Ç¢Ç¢Ç¶,19500,21,T,F,F,F,F,F,F,F,F,T,F
42381,46.0621,åªã‡,M,Ç¢Ç¢Ç¶,13100,31,F,F,F,T,T,T,T,T,F,T,F
80954,13.9726,åªã‡,M,Ç¢Ç¢Ç¶,14800,45,F,F,T,T,F,T,T,F,F,F,F
106531,11.6576,åªã‡,M,Ç¢Ç¢Ç¶,24500,19,T,F,F,F,F,T,F,F,F,T,F
78030,34.6469,∂∞ƒﬁ,F,Ç¢Ç¢Ç¶,22100,38,F,F,F,F,T,F,F,T,F,F,T
103139,18.7964,åªã‡,F,ÇÕÇ¢,24400,20,F,T,F,T,F,F,F,T,F,F,F
17939,15.8755,åªã‡,F,Ç¢Ç¢Ç¶,16900,46,F,F,F,F,F,T,F,F,F,F,F
42056,44.8521,∂∞ƒﬁ,F,ÇÕÇ¢,13900,30,F,F,F,F,F,F,F,T,F,T,F
23419,15.6201,åªã‡,F,Ç¢Ç¢Ç¶,21000,24,F,F,F,T,T,F,F,T,T,F,F
48783,24.61,∂∞ƒﬁ,M,Ç¢Ç¢Ç¶,16500,50,T,F,F,T,F,T,T,F,F,F,F
98204,18.4421,¡™Ø∏,M,ÇÕÇ¢,12700,18,F,F,T,T,F,T,T,F,F,F,F
67063,40.0147,∂∞ƒﬁ,F,ÇÕÇ¢,23300,46,F,T,F,F,F,F,F,T,T,T,T
77335,47.8128,åªã‡,F,Ç¢Ç¢Ç¶,29800,40,F,F,F,F,F,F,F,T,T,F,T
32594,20.9057,∂∞ƒﬁ,F,ÇÕÇ¢,26200,16,F,F,F,F,F,F,F,F,F,F,F
24493,20.8675,∂∞ƒﬁ,M,ÇÕÇ¢,28600,45,T,T,F,F,F,F,F,F,F,T,F
72248,10.8367,åªã‡,M,ÇÕÇ¢,17400,28,F,F,F,F,F,F,F,F,F,F,F
79039,12.4456,∂∞ƒﬁ,M,Ç¢Ç¢Ç¶,25400,46,F,F,T,F,F,F,F,F,F,F,F
58803,11.2921,¡™Ø∏,M,Ç¢Ç¢Ç¶,13500,39,F,T,F,T,F,T,T,F,F,F,T
87066,10.8645,∂∞ƒﬁ,M,ÇÕÇ¢,25400,23,F,F,T,F,F,F,F,F,F,T,F
60159,43.2178,∂∞ƒﬁ,M,Ç¢Ç¢Ç¶,11600,47,F,F,F,T,F,T,T,F,F,F,F
15629,17.004,åªã‡,F,ÇÕÇ¢,27700,37,F,F,F,F,F,T,F,F,F,T,F
38608,42.7334,∂∞ƒﬁ,M,ÇÕÇ¢,24400,21,F,T,F,F,F,F,T,F,F,F,F
18143,43.5884,åªã‡,F,ÇÕÇ¢,15900,36,T,F,F,F,T,T,F,F,F,F,F
22316,29.7579,åªã‡,F,ÇÕÇ¢,18000,20,F,F,F,T,T,F,F,T,T,F,F
40743,25.3732,∂∞ƒﬁ,M,ÇÕÇ¢,19200,24,F,F,T,F,F,F,F,F,F,F,F
79305,18.6381,¡™Ø∏,F,Ç¢Ç¢Ç¶,22200,31,F,F,F,F,T,F,F,T,F,F,F
83439,33.4975,∂∞ƒﬁ,F,ÇÕÇ¢,24300,43,F,F,F,F,T,F,F,T,F,T,T
16342,46.3814,∂∞ƒﬁ,M,Ç¢Ç¢Ç¶,22700,29,F,F,F,F,F,F,F,F,F,F,F
75971,16.0295,∂∞ƒﬁ,M,ÇÕÇ¢,19800,44,T,F,T,F,F,F,F,F,F,F,F
31046,16.5846,åªã‡,F,ÇÕÇ¢,19700,25,T,F,F,T,T,T,T,F,F,T,F
13722,36.2168,∂∞ƒﬁ,M,Ç¢Ç¢Ç¶,18100,19,T,T,T,F,F,F,T,F,F,T,F
93467,11.6818,∂∞ƒﬁ,F,Ç¢Ç¢Ç¶,25200,27,F,F,F,F,F,F,F,F,F,F,F
40208,23.167,åªã‡,F,Ç¢Ç¢Ç¶,28900,40,T,T,F,F,T,T,F,F,F,F,F
41132,18.4412,¡™Ø∏,F,Ç¢Ç¢Ç¶,19900,42,F,F,F,T,F,F,F,F,F,F,T
64596,42.1336,åªã‡,M,ÇÕÇ¢,24500,28,F,T,T,F,F,F,T,F,F,T,F
46539,38.3992,¡™Ø∏,M,Ç¢Ç¢Ç¶,20400,23,T,F,T,F,T,F,F,F,F,T,F
40690,28.6205,åªã‡,M,Ç¢Ç¢Ç¶,24800,45,F,F,F,T,F,T,F,F,T,F,F
51916,24.7427,åªã‡,F,Ç¢Ç¢Ç¶,14000,23,F,F,T,F,T,F,T,F,T,F,F
21814,22.3741,∂∞ƒﬁ,M,Ç¢Ç¢Ç¶,12200,23,F,F,F,T,T,T,T,F,F,F,F
31011,39.5627,∂∞ƒﬁ,M,Ç¢Ç¢Ç¶,27100,16,T,F,F,T,F,T,T,T,F,T,F
24210,30.4335,∂∞ƒﬁ,F,ÇÕÇ¢,18300,50,F,F,F,T,F,T,F,F,F,F,F
10902,26.7182,∂∞ƒﬁ,M,Ç¢Ç¢Ç¶,25300,47,T,F,F,F,F,F,F,T,F,F,F
106649,25.8123,∂∞ƒﬁ,F,Ç¢Ç¢Ç¶,13700,22,T,F,F,F,F,F,T,F,F,T,F
31033,41.5652,∂∞ƒﬁ,M,Ç¢Ç¢Ç¶,17800,47,F,F,T,F,F,F,F,T,F,F,T
68006,11.4931,∂∞ƒﬁ,M,ÇÕÇ¢,27800,19,F,T,F,F,F,F,F,F,F,F,F
47638,25.666,åªã‡,M,ÇÕÇ¢,10200,41,F,F,F,T,F,T,T,F,F,F,F
18953,24.2569,∂∞ƒﬁ,F,Ç¢Ç¢Ç¶,11000,17,T,F,F,F,T,F,F,F,F,T,T
21347,43.007,¡™Ø∏,F,ÇÕÇ¢,15900,24,F,F,F,F,T,T,F,F,F,F,T
38600,47.476,∂∞ƒﬁ,M,Ç¢Ç¢Ç¶,22500,48,F,F,F,F,F,F,F,T,F,F,T
104830,21.4266,åªã‡,F,Ç¢Ç¢Ç¶,13400,28,F,T,F,F,F,F,F,F,F,T,F
56452,20.8234,¡™Ø∏,M,Ç¢Ç¢Ç¶,25700,48,T,T,F,F,T,F,F,F,F,F,T
18030,12.9942,∂∞ƒﬁ,F,ÇÕÇ¢,28400,29,T,F,F,F,T,F,F,F,F,F,F
72901,23.9797,¡™Ø∏,F,Ç¢Ç¢Ç¶,13200,39,F,F,F,F,F,F,T,F,F,F,F
104554,19.0629,åªã‡,M,Ç¢Ç¢Ç¶,10900,21,T,F,F,T,F,T,T,F,F,T,F
93162,46.8411,∂∞ƒﬁ,M,Ç¢Ç¢Ç¶,20500,25,F,F,F,F,F,F,F,F,T,T,T
54313,30.6545,åªã‡,M,Ç¢Ç¢Ç¶,27600,22,T,F,F,F,F,F,F,F,T,T,T
89485,18.3222,åªã‡,M,ÇÕÇ¢,25300,28,F,F,F,F,T,T,F,F,F,F,F
61309,22.5496,¡™Ø∏,M,ÇÕÇ¢,18100,44,F,F,F,F,T,F,F,T,F,F,F
73441,21.3574,∂∞ƒﬁ,F,Ç¢Ç¢Ç¶,12800,20,T,F,F,F,T,F,F,F,F,T,F
10717,47.2705,∂∞ƒﬁ,M,Ç¢Ç¢Ç¶,18900,23,T,T,F,F,F,F,F,F,F,T,F
27694,24.8952,∂∞ƒﬁ,M,ÇÕÇ¢,14700,41,F,F,T,T,T,T,T,F,T,F,F
69380,34.0379,¡™Ø∏,F,Ç¢Ç¢Ç¶,21600,40,F,F,F,F,F,F,F,T,F,F,T
26885,33.1864,åªã‡,M,ÇÕÇ¢,13200,28,F,F,T,T,F,T,T,F,F,F,F
90730,29.5005,åªã‡,M,Ç¢Ç¢Ç¶,14600,36,F,F,F,T,F,T,T,F,T,F,F
69110,11.8488,åªã‡,M,Ç¢Ç¢Ç¶,14800,16,T,F,F,T,T,T,T,T,F,T,T
86612,29.7839,∂∞ƒﬁ,M,ÇÕÇ¢,24900,27,F,T,F,F,F,F,F,F,F,F,F
93353,36.8045,∂∞ƒﬁ,F,Ç¢Ç¢Ç¶,22500,40,F,F,T,T,T,F,F,T,F,F,T
25311,47.5451,∂∞ƒﬁ,M,ÇÕÇ¢,29400,24,T,T,F,F,F,F,F,T,F,F,F
81487,20.0766,¡™Ø∏,M,Ç¢Ç¢Ç¶,18500,25,F,F,T,F,F,T,T,F,F,F,F
18331,47.898,∂∞ƒﬁ,F,ÇÕÇ¢,27400,20,T,F,F,F,F,T,F,T,F,F,T
84148,49.1791,¡™Ø∏,F,Ç¢Ç¢Ç¶,20900,22,T,F,F,F,F,F,T,T,F,T,T
83500,49.2505,∂∞ƒﬁ,M,ÇÕÇ¢,28300,21,F,F,F,T,T,F,F,F,F,T,T
29316,34.5206,∂∞ƒﬁ,M,Ç¢Ç¢Ç¶,10800,39,F,F,F,T,F,T,T,F,T,F,F
82173,15.7511,åªã‡,F,Ç¢Ç¢Ç¶,27800,22,T,F,F,F,T,F,T,F,F,T,F
62264,43.3344,∂∞ƒﬁ,M,ÇÕÇ¢,18200,26,F,F,F,F,F,F,F,F,F,F,T
14875,18.5153,¡™Ø∏,M,ÇÕÇ¢,29700,36,F,T,F,F,F,F,T,T,F,F,F
73594,13.0883,¡™Ø∏,F,Ç¢Ç¢Ç¶,12100,41,F,F,T,F,F,F,F,F,F,F,F
79384,22.4563,∂∞ƒﬁ,F,Ç¢Ç¢Ç¶,12600,45,F,F,F,F,F,F,F,F,F,T,F
63138,16.9606,¡™Ø∏,M,Ç¢Ç¢Ç¶,17100,22,T,F,F,F,F,T,F,F,F,T,F
58144,28.8307,∂∞ƒﬁ,F,Ç¢Ç¢Ç¶,29100,38,F,F,F,F,T,T,F,F,F,F,F
103446,25.3568,∂∞ƒﬁ,M,ÇÕÇ¢,17100,23,F,F,T,F,T,F,F,F,F,F,F
28994,11.2168,åªã‡,F,Ç¢Ç¢Ç¶,18500,18,T,F,F,F,T,F,F,F,F,T,F
72298,41.0628,åªã‡,M,ÇÕÇ¢,17600,25,F,F,F,F,F,F,T,F,F,F,F
69884,18.91,åªã‡,M,ÇÕÇ¢,21800,30,F,F,F,F,F,F,F,F,T,F,T
68119,15.1803,¡™Ø∏,F,ÇÕÇ¢,12900,25,F,F,F,F,T,F,F,F,T,F,T
14692,40.8875,∂∞ƒﬁ,F,ÇÕÇ¢,14400,19,F,F,F,T,F,F,F,T,F,F,F
52530,28.0822,åªã‡,F,Ç¢Ç¢Ç¶,18400,35,F,F,F,F,F,F,F,F,T,F,F
28803,41.9003,¡™Ø∏,M,ÇÕÇ¢,13200,38,F,F,F,T,F,T,T,F,F,T,F
86983,43.3446,∂∞ƒﬁ,F,Ç¢Ç¢Ç¶,20200,17,T,T,F,F,T,F,F,T,F,T,T
72454,44.1263,åªã‡,F,ÇÕÇ¢,25900,27,F,F,F,F,F,F,T,T,F,F,T
50551,27.6473,∂∞ƒﬁ,F,Ç¢Ç¢Ç¶,13500,27,T,F,T,T,F,T,F,F,T,F,F
92868,48.3546,¡™Ø∏,M,Ç¢Ç¢Ç¶,25000,40,F,F,F,T,F,T,F,T,F,F,F
20991,37.5076,∂∞ƒﬁ,M,ÇÕÇ¢,10500,25,F,F,F,T,F,T,T,F,F,F,F
98352,46.0629,∂∞ƒﬁ,F,Ç¢Ç¢Ç¶,13300,36,F,F,F,F,T,T,F,F,F,T,F
30239,42.3719,∂∞ƒﬁ,M,ÇÕÇ¢,16100,17,T,F,T,F,F,F,F,F,T,F,F
15882,20.7035,åªã‡,M,ÇÕÇ¢,14700,20,F,F,F,T,F,T,T,F,F,F,F
30989,25.9133,∂∞ƒﬁ,F,Ç¢Ç¢Ç¶,19900,50,F,F,F,F,F,F,F,F,F,F,T
107499,12.3961,åªã‡,F,ÇÕÇ¢,24800,28,F,F,F,F,F,F,F,T,T,F,F
70336,45.3326,åªã‡,F,ÇÕÇ¢,12200,20,T,F,T,F,F,F,F,F,F,F,F
47598,42.9427,∂∞ƒﬁ,F,ÇÕÇ¢,23900,40,T,F,F,F,F,F,T,T,F,F,T
17590,30.1201,∂∞ƒﬁ,M,ÇÕÇ¢,17200,49,F,F,F,F,F,F,F,F,F,F,F
20260,13.1243,¡™Ø∏,M,ÇÕÇ¢,21300,21,F,F,F,T,F,F,F,F,F,F,T
50531,37.4002,∂∞ƒﬁ,F,ÇÕÇ¢,10700,36,T,T,T,F,F,F,F,F,F,F,F
42653,14.0502,∂∞ƒﬁ,M,ÇÕÇ¢,25300,49,F,F,F,F,F,F,F,F,T,F,F
94685,31.7561,∂∞ƒﬁ,M,ÇÕÇ¢,25600,29,F,T,T,F,F,F,F,F,F,F,F
11818,31.9051,∂∞ƒﬁ,F,ÇÕÇ¢,29200,48,F,T,F,F,F,F,F,F,F,F,F
25668,21.9571,¡™Ø∏,F,ÇÕÇ¢,13500,19,F,F,F,F,F,F,F,T,F,F,T
53959,40.8684,åªã‡,F,ÇÕÇ¢,16800,27,F,T,T,F,F,F,T,F,T,F,T
55992,17.2856,åªã‡,M,ÇÕÇ¢,25700,30,F,F,F,F,T,F,F,F,T,T,F
85081,38.2586,∂∞ƒﬁ,F,ÇÕÇ¢,20900,29,T,F,F,F,F,F,T,T,F,F,T
104800,13.2577,∂∞ƒﬁ,M,Ç¢Ç¢Ç¶,26800,29,F,F,F,F,F,F,T,F,F,F,F
92125,15.7945,∂∞ƒﬁ,F,Ç¢Ç¢Ç¶,22800,17,F,F,F,T,F,F,F,F,F,F,F
107314,42.9349,åªã‡,M,Ç¢Ç¢Ç¶,15900,26,F,F,F,T,F,T,T,T,F,F,F
29192,21.2654,åªã‡,M,Ç¢Ç¢Ç¶,21500,29,F,T,F,F,F,F,F,F,F,F,T
90933,26.2117,∂∞ƒﬁ,M,ÇÕÇ¢,29900,31,F,F,F,F,F,F,F,F,F,F,F
48749,18.471,∂∞ƒﬁ,F,ÇÕÇ¢,21100,30,F,F,F,F,F,F,F,F,F,T,F
49658,17.2076,∂∞ƒﬁ,M,ÇÕÇ¢,17600,40,F,T,F,T,F,F,F,F,T,F,T
20521,46.3,åªã‡,M,Ç¢Ç¢Ç¶,28200,44,T,F,F,T,F,F,F,T,F,F,F
75663,20.8372,∂∞ƒﬁ,F,ÇÕÇ¢,23400,29,F,T,F,F,T,F,F,F,F,F,F
65425,23.0249,∂∞ƒﬁ,F,ÇÕÇ¢,14300,25,F,F,T,F,F,F,T,F,F,F,F
67133,36.6913,¡™Ø∏,M,Ç¢Ç¢Ç¶,11800,39,F,F,F,T,F,T,F,T,F,F,T
62455,35.2522,∂∞ƒﬁ,F,ÇÕÇ¢,16800,43,F,F,F,F,F,F,F,F,F,T,F
100255,22.6799,¡™Ø∏,M,Ç¢Ç¢Ç¶,23100,30,F,F,F,F,F,F,F,T,F,F,F
15590,44.0704,åªã‡,M,Ç¢Ç¢Ç¶,20800,41,T,F,F,T,F,F,F,F,F,T,F
46278,34.0079,∂∞ƒﬁ,M,Ç¢Ç¢Ç¶,23400,40,T,T,F,T,F,F,T,F,F,F,F
12582,25.6014,åªã‡,M,Ç¢Ç¢Ç¶,19600,23,T,T,F,F,F,F,T,T,F,T,F
38723,17.159,¡™Ø∏,F,Ç¢Ç¢Ç¶,28400,16,T,F,F,F,F,F,T,F,T,T,F
47251,46.4065,∂∞ƒﬁ,F,ÇÕÇ¢,29100,43,T,T,F,T,F,F,F,T,T,T,T
109798,15.133,åªã‡,M,ÇÕÇ¢,17300,33,F,F,F,F,F,T,F,F,F,F,F
59349,28.4931,∂∞ƒﬁ,M,ÇÕÇ¢,16200,18,T,F,F,T,F,T,T,F,T,F,F
17830,28.0198,∂∞ƒﬁ,F,Ç¢Ç¢Ç¶,15100,47,T,F,F,F,T,F,T,F,F,T,F
69401,36.754,åªã‡,F,Ç¢Ç¢Ç¶,22700,25,T,F,F,F,T,F,F,T,F,F,T
103708,26.061,åªã‡,F,ÇÕÇ¢,28000,29,F,F,F,F,F,F,F,T,F,T,F
27664,35.6361,åªã‡,F,ÇÕÇ¢,19500,26,T,F,T,F,T,T,F,F,T,T,F
102206,27.6682,∂∞ƒﬁ,F,Ç¢Ç¢Ç¶,21700,41,T,F,F,T,F,F,F,F,F,F,F
51732,41.0697,åªã‡,M,ÇÕÇ¢,15300,33,F,T,F,T,F,T,T,F,F,F,F
28630,30.4989,¡™Ø∏,F,Ç¢Ç¢Ç¶,15100,39,F,F,F,F,T,F,F,F,F,T,F
36857,46.1326,åªã‡,M,ÇÕÇ¢,19100,49,F,T,F,F,F,F,F,F,F,F,F
82419,19.7255,¡™Ø∏,F,ÇÕÇ¢,26200,31,F,T,F,T,F,F,T,F,F,F,F
103385,22.8296,åªã‡,M,Ç¢Ç¢Ç¶,12500,16,T,T,F,T,F,T,T,F,F,T,F
87793,46.8845,åªã‡,F,Ç¢Ç¢Ç¶,21700,40,F,F,F,F,F,T,F,T,F,T,T
94341,22.4622,∂∞ƒﬁ,M,Ç¢Ç¢Ç¶,16300,17,F,F,F,T,F,T,T,T,F,F,F
19078,38.852,åªã‡,M,ÇÕÇ¢,20300,28,T,F,F,F,F,F,F,F,F,F,T
109376,43.1101,åªã‡,M,ÇÕÇ¢,16400,21,F,F,F,F,F,F,F,T,F,F,F
58235,48.1146,åªã‡,F,Ç¢Ç¢Ç¶,23400,45,F,F,F,T,F,F,F,T,F,F,T
33233,24.774,∂∞ƒﬁ,M,ÇÕÇ¢,27200,28,F,T,F,F,F,F,F,T,F,F,F
83883,23.034,∂∞ƒﬁ,F,ÇÕÇ¢,17800,47,F,F,F,F,F,F,F,T,F,F,T
69718,43.3975,∂∞ƒﬁ,F,ÇÕÇ¢,29400,29,F,F,F,F,F,F,F,T,T,F,T
105829,27.0835,¡™Ø∏,F,ÇÕÇ¢,10900,23,F,T,F,F,F,T,F,F,F,F,F
39221,35.3104,∂∞ƒﬁ,M,Ç¢Ç¢Ç¶,23100,43,F,T,F,F,T,F,F,F,F,F,F
98809,45.5905,∂∞ƒﬁ,F,Ç¢Ç¢Ç¶,20700,19,T,F,F,F,F,T,T,T,F,T,T
14759,14.8671,∂∞ƒﬁ,M,ÇÕÇ¢,26600,24,F,F,T,T,F,F,F,F,T,F,F
40659,27.48,∂∞ƒﬁ,M,ÇÕÇ¢,15000,39,F,F,F,T,F,T,T,F,F,F,F
95915,17.3132,åªã‡,M,Ç¢Ç¢Ç¶,11800,35,F,F,F,T,T,T,T,F,F,F,F
47421,28.7408,åªã‡,M,ÇÕÇ¢,17400,49,F,F,F,F,F,F,F,F,F,F,F
105601,40.7653,∂∞ƒﬁ,M,ÇÕÇ¢,16100,42,F,F,F,T,T,T,T,F,F,F,F
89209,24.1621,¡™Ø∏,M,ÇÕÇ¢,25400,19,F,F,F,F,F,F,F,T,F,F,F
69754,44.0797,åªã‡,M,ÇÕÇ¢,25900,24,F,F,T,F,F,F,F,F,T,F,F
17133,21.3284,∂∞ƒﬁ,M,ÇÕÇ¢,21700,22,T,F,F,F,F,T,F,T,T,F,F
11119,29.4205,¡™Ø∏,F,ÇÕÇ¢,12000,27,F,F,F,F,F,F,F,F,T,T,T
57615,46.7916,∂∞ƒﬁ,M,ÇÕÇ¢,19700,41,T,F,F,F,T,F,F,F,F,F,T
61270,31.9036,∂∞ƒﬁ,M,Ç¢Ç¢Ç¶,28500,49,F,F,F,F,F,F,F,T,F,F,F
11220,23.6325,∂∞ƒﬁ,M,ÇÕÇ¢,11400,27,F,F,F,T,F,T,T,F,F,F,T
47645,35.6412,åªã‡,F,Ç¢Ç¢Ç¶,13000,35,F,F,F,F,F,F,F,F,F,F,F
32444,24.2582,åªã‡,F,Ç¢Ç¢Ç¶,28200,17,T,F,T,F,F,F,F,F,F,T,F
93037,19.1763,åªã‡,F,Ç¢Ç¢Ç¶,29500,41,F,F,F,T,F,F,F,T,F,T,F
34809,32.7941,åªã‡,F,Ç¢Ç¢Ç¶,11300,38,F,F,F,F,T,F,F,F,F,F,F
57582,24.6694,åªã‡,M,ÇÕÇ¢,29900,39,F,F,T,F,T,F,F,F,F,F,F
59184,12.4807,åªã‡,F,Ç¢Ç¢Ç¶,14900,36,F,T,F,F,F,F,F,F,F,F,F
27682,18.2962,¡™Ø∏,F,ÇÕÇ¢,15500,47,F,F,F,F,F,F,T,F,F,T,T
56851,21.6406,∂∞ƒﬁ,M,Ç¢Ç¢Ç¶,13400,29,F,F,F,T,F,T,T,F,F,F,F
12312,19.2175,∂∞ƒﬁ,F,ÇÕÇ¢,25600,34,F,T,F,F,F,T,F,F,T,F,F
53953,26.9729,∂∞ƒﬁ,F,Ç¢Ç¢Ç¶,11100,48,T,T,F,F,F,F,F,F,T,F,F
81616,43.8689,∂∞ƒﬁ,F,ÇÕÇ¢,12700,21,T,F,F,T,T,F,F,F,F,F,T
37366,43.2528,åªã‡,M,Ç¢Ç¢Ç¶,18800,19,T,F,T,F,T,F,F,F,F,T,F
97512,17.4561,¡™Ø∏,F,Ç¢Ç¢Ç¶,12800,32,F,T,F,F,F,F,F,F,T,F,F
49769,20.058,∂∞ƒﬁ,M,ÇÕÇ¢,26300,19,F,T,F,F,F,F,F,F,F,F,F
47307,29.8812,∂∞ƒﬁ,F,Ç¢Ç¢Ç¶,11400,45,F,F,F,F,F,F,F,F,F,F,F
25180,11.5295,¡™Ø∏,M,ÇÕÇ¢,29000,38,F,F,F,F,F,F,F,F,F,F,F
98023,26.3646,∂∞ƒﬁ,F,ÇÕÇ¢,20200,20,F,F,F,F,F,T,F,F,F,T,F
32669,49.8042,åªã‡,M,ÇÕÇ¢,15600,46,T,F,F,F,F,T,F,F,F,F,F
61255,49.5666,åªã‡,F,Ç¢Ç¢Ç¶,28300,31,F,F,T,F,F,F,F,T,T,F,T
101414,26.828,∂∞ƒﬁ,F,Ç¢Ç¢Ç¶,19000,38,F,F,F,F,F,F,F,T,F,F,F
24686,38.2775,∂∞ƒﬁ,F,Ç¢Ç¢Ç¶,27800,28,F,F,T,F,F,F,T,T,F,T,T
37114,48.0396,åªã‡,M,Ç¢Ç¢Ç¶,16200,37,F,F,F,T,F,T,T,F,F,T,T
94790,39.7012,∂∞ƒﬁ,M,Ç¢Ç¢Ç¶,19800,31,F,F,F,F,T,F,F,F,F,T,F
105007,44.6825,∂∞ƒﬁ,F,Ç¢Ç¢Ç¶,28300,45,F,F,T,F,F,F,F,T,F,F,T
38645,47.2099,åªã‡,F,ÇÕÇ¢,21900,20,T,F,F,F,T,F,T,T,F,T,T
37567,41.7778,∂∞ƒﬁ,M,Ç¢Ç¢Ç¶,26400,46,F,T,T,F,F,T,F,F,F,F,F
62993,36.0895,∂∞ƒﬁ,F,ÇÕÇ¢,27800,45,F,F,T,F,F,F,F,F,F,F,F
12547,32.3073,∂∞ƒﬁ,M,ÇÕÇ¢,16800,35,F,F,F,T,T,T,T,F,F,F,F
106654,47.9564,¡™Ø∏,M,ÇÕÇ¢,19000,44,F,F,F,F,F,T,F,F,T,F,F
59389,39.5687,∂∞ƒﬁ,F,Ç¢Ç¢Ç¶,14500,29,F,F,F,T,F,F,F,F,F,F,F
104327,26.223,¡™Ø∏,F,Ç¢Ç¢Ç¶,28000,45,F,F,F,T,F,F,F,T,F,F,F
87250,39.0228,∂∞ƒﬁ,F,ÇÕÇ¢,11700,43,F,T,F,F,F,F,F,F,F,F,F
27371,38.7433,¡™Ø∏,F,Ç¢Ç¢Ç¶,26400,25,F,F,F,F,F,T,F,F,F,T,F
91545,12.3519,∂∞ƒﬁ,M,ÇÕÇ¢,22800,45,F,F,T,F,F,F,F,F,F,F,F
71276,36.3388,∂∞ƒﬁ,F,Ç¢Ç¢Ç¶,10300,45,F,F,F,T,F,T,T,F,F,F,F
109551,40.6114,åªã‡,M,ÇÕÇ¢,23500,35,F,F,F,F,F,F,T,T,F,F,F
50961,24.0284,åªã‡,F,ÇÕÇ¢,16600,16,F,F,F,F,F,F,T,F,F,F,F
72979,21.3607,¡™Ø∏,M,ÇÕÇ¢,23200,18,F,F,F,F,F,T,F,F,T,F,T
50104,25.603,åªã‡,M,Ç¢Ç¢Ç¶,13800,23,T,F,F,F,F,F,T,F,F,T,F
13893,24.8043,∂∞ƒﬁ,F,ÇÕÇ¢,17200,19,F,T,F,T,T,T,F,F,F,T,F
12800,25.7388,∂∞ƒﬁ,F,ÇÕÇ¢,23000,49,T,F,F,F,F,F,F,F,F,F,F
89460,33.4191,åªã‡,M,ÇÕÇ¢,15300,16,T,F,F,T,F,T,T,F,F,F,T
63779,45.9019,¡™Ø∏,F,Ç¢Ç¢Ç¶,11300,48,F,F,F,F,F,F,F,F,T,F,F
29483,29.1147,¡™Ø∏,M,ÇÕÇ¢,25400,16,T,F,F,F,F,F,F,F,F,F,F
83127,41.2905,¡™Ø∏,M,Ç¢Ç¢Ç¶,21100,21,T,F,F,F,F,F,F,F,F,T,F
96371,40.2238,åªã‡,M,ÇÕÇ¢,21100,37,F,F,T,F,F,F,F,F,F,F,F
66886,10.6842,åªã‡,M,ÇÕÇ¢,25100,41,T,F,T,F,T,F,F,F,F,F,F
66940,43.9612,∂∞ƒﬁ,F,Ç¢Ç¢Ç¶,22100,35,F,F,F,F,F,F,F,T,T,T,T
36191,46.4275,¡™Ø∏,F,Ç¢Ç¢Ç¶,11400,24,T,F,T,F,F,T,T,F,F,T,F
29625,18.3863,åªã‡,M,ÇÕÇ¢,20300,43,F,F,F,F,F,F,F,F,F,F,F
93393,35.4566,åªã‡,M,Ç¢Ç¢Ç¶,27100,37,T,T,F,F,F,F,T,F,F,F,F
60890,44.6318,∂∞ƒﬁ,M,Ç¢Ç¢Ç¶,15800,28,F,T,F,T,F,T,T,F,T,T,T
18464,20.9389,∂∞ƒﬁ,M,ÇÕÇ¢,24300,22,F,F,F,T,F,F,F,F,F,F,F
75130,39.1493,¡™Ø∏,F,ÇÕÇ¢,10500,33,T,F,F,F,F,F,T,F,F,F,F
64281,17.718,∂∞ƒﬁ,M,Ç¢Ç¢Ç¶,11000,47,T,F,T,T,F,T,T,T,F,T,F
84937,24.8076,¡™Ø∏,F,Ç¢Ç¢Ç¶,25500,43,T,F,F,F,F,F,T,F,F,F,F
58388,18.7703,¡™Ø∏,M,Ç¢Ç¢Ç¶,23800,39,F,F,F,F,T,F,T,F,T,F,F
106314,24.1036,åªã‡,F,Ç¢Ç¢Ç¶,10800,37,F,F,F,T,T,F,F,F,F,F,F
34529,43.1953,∂∞ƒﬁ,F,Ç¢Ç¢Ç¶,19800,18,T,F,F,F,T,F,F,F,F,T,T
56220,12.6155,∂∞ƒﬁ,F,ÇÕÇ¢,12500,28,F,T,F,F,T,F,F,F,F,F,F
49085,26.1937,∂∞ƒﬁ,M,Ç¢Ç¢Ç¶,29400,25,F,F,F,F,F,F,F,T,F,T,T
84497,38.2919,∂∞ƒﬁ,F,ÇÕÇ¢,23000,31,F,F,F,F,T,F,F,T,F,F,T
90165,10.855,¡™Ø∏,F,ÇÕÇ¢,10700,24,F,F,F,T,F,F,F,F,F,F,F
98626,27.505,¡™Ø∏,F,ÇÕÇ¢,24800,42,F,F,T,T,F,F,F,F,F,T,T
96289,16.1359,∂∞ƒﬁ,M,Ç¢Ç¢Ç¶,13900,47,T,F,F,T,F,T,T,F,F,F,F
78598,48.6573,åªã‡,M,Ç¢Ç¢Ç¶,28100,30,F,F,F,F,F,F,F,T,F,F,T
37571,18.0642,åªã‡,M,Ç¢Ç¢Ç¶,20700,38,F,T,F,T,F,F,F,T,T,F,F
42689,12.2038,∂∞ƒﬁ,F,Ç¢Ç¢Ç¶,20000,40,T,F,F,F,F,F,F,F,F,F,T
102421,19.2276,åªã‡,M,ÇÕÇ¢,14700,25,F,F,F,F,T,F,F,F,T,T,F
75792,31.2017,åªã‡,M,Ç¢Ç¢Ç¶,27000,50,F,F,F,F,F,F,F,T,F,F,F
71604,18.1721,∂∞ƒﬁ,M,ÇÕÇ¢,25600,49,F,F,T,F,F,F,T,F,F,T,F
102348,14.9206,∂∞ƒﬁ,M,ÇÕÇ¢,24300,36,F,F,F,F,F,F,F,F,F,F,F
28233,40.8109,åªã‡,F,ÇÕÇ¢,29900,50,T,F,F,F,F,F,T,T,F,T,T
72902,46.5449,åªã‡,F,ÇÕÇ¢,25300,16,F,F,T,F,F,F,F,T,T,F,T
102703,40.0432,∂∞ƒﬁ,M,ÇÕÇ¢,30000,32,T,T,F,F,T,F,F,F,T,F,F
50645,31.6988,¡™Ø∏,F,ÇÕÇ¢,30000,45,F,T,F,F,F,T,F,F,F,F,F
40282,33.5207,åªã‡,F,ÇÕÇ¢,20500,42,F,F,T,F,F,T,F,T,F,F,T
94015,48.1999,¡™Ø∏,F,Ç¢Ç¢Ç¶,20500,24,T,F,F,F,F,F,F,T,F,T,T
98696,31.1958,åªã‡,M,ÇÕÇ¢,13800,39,F,F,F,F,F,F,F,T,F,F,T
43401,29.4406,åªã‡,M,Ç¢Ç¢Ç¶,11600,24,T,F,F,T,F,T,T,F,F,T,F
106585,23.6473,åªã‡,M,Ç¢Ç¢Ç¶,21000,50,F,F,F,T,T,F,T,F,F,F,F
106792,37.477,åªã‡,M,Ç¢Ç¢Ç¶,18800,45,F,F,F,F,F,F,F,F,F,F,F
34702,26.3763,∂∞ƒﬁ,M,ÇÕÇ¢,29100,25,T,F,F,F,F,F,F,F,F,T,F
19999,17.1606,∂∞ƒﬁ,F,Ç¢Ç¢Ç¶,23600,44,T,F,F,T,F,T,F,F,F,T,F
76145,27.5548,∂∞ƒﬁ,F,Ç¢Ç¢Ç¶,29800,27,F,T,F,F,T,F,F,F,F,F,F
84033,43.42,åªã‡,F,ÇÕÇ¢,16600,31,F,T,F,T,F,F,F,T,F,F,F
50142,17.7878,∂∞ƒﬁ,M,ÇÕÇ¢,24500,23,F,F,F,F,F,F,F,T,F,F,F
96474,44.5139,¡™Ø∏,F,ÇÕÇ¢,24900,40,F,F,F,F,F,F,F,F,F,F,F
101699,15.1186,∂∞ƒﬁ,M,ÇÕÇ¢,27800,35,F,F,T,F,T,T,F,F,F,F,F
23380,36.4903,¡™Ø∏,M,Ç¢Ç¢Ç¶,23200,43,F,F,F,F,F,F,F,F,F,T,F
63368,42.4066,∂∞ƒﬁ,M,Ç¢Ç¢Ç¶,13000,38,T,F,F,T,F,T,T,F,F,F,F
32392,16.1584,∂∞ƒﬁ,M,Ç¢Ç¢Ç¶,27600,22,T,F,F,F,F,F,F,F,F,T,F
79577,41.2514,∂∞ƒﬁ,F,ÇÕÇ¢,22600,38,F,T,F,F,F,F,F,T,F,F,F
30558,16.5851,∂∞ƒﬁ,F,ÇÕÇ¢,23800,34,F,F,F,F,F,F,F,F,F,T,F
103166,25.5922,åªã‡,F,Ç¢Ç¢Ç¶,25900,33,F,T,T,F,F,F,F,T,F,F,F
64053,31.1795,¡™Ø∏,F,Ç¢Ç¢Ç¶,27200,36,F,F,F,F,F,F,F,T,F,F,F
28081,26.1124,∂∞ƒﬁ,M,Ç¢Ç¢Ç¶,15400,16,T,T,F,F,T,F,T,F,F,T,T
106044,36.1337,∂∞ƒﬁ,M,Ç¢Ç¢Ç¶,14500,29,T,F,F,T,F,T,T,T,F,T,F
11241,33.8901,¡™Ø∏,M,Ç¢Ç¢Ç¶,13500,22,T,T,F,T,F,T,T,F,F,T,F
11966,22.1877,∂∞ƒﬁ,M,Ç¢Ç¢Ç¶,10400,16,T,F,T,F,F,F,F,F,F,T,T
15835,24.3642,åªã‡,F,ÇÕÇ¢,17100,41,F,F,F,F,F,F,F,F,F,T,F
107714,22.1969,∂∞ƒﬁ,F,ÇÕÇ¢,20200,21,T,T,T,F,T,F,F,F,T,F,F
29095,46.7096,¡™Ø∏,M,Ç¢Ç¢Ç¶,15900,42,F,F,F,T,F,T,T,T,F,F,F
98635,33.9481,åªã‡,F,ÇÕÇ¢,26700,22,F,T,F,F,F,F,F,T,F,F,T
20849,44.9825,åªã‡,F,Ç¢Ç¢Ç¶,30000,30,F,F,T,T,F,F,F,T,T,T,T
87703,27.7087,åªã‡,M,Ç¢Ç¢Ç¶,27200,20,T,F,F,F,T,F,F,F,F,T,T
54981,49.2205,åªã‡,M,ÇÕÇ¢,24800,17,F,F,F,T,T,F,F,T,F,F,F
51818,16.6528,∂∞ƒﬁ,M,Ç¢Ç¢Ç¶,26300,34,T,F,F,F,F,F,F,F,F,F,F
15650,48.7559,∂∞ƒﬁ,M,ÇÕÇ¢,22300,28,F,F,F,F,F,F,F,F,F,T,F
56097,46.7188,åªã‡,F,ÇÕÇ¢,23400,25,F,F,F,F,F,F,F,T,F,F,T
54172,10.4023,¡™Ø∏,F,ÇÕÇ¢,19800,46,F,T,F,F,F,F,T,F,F,T,F
103749,34.7506,∂∞ƒﬁ,F,ÇÕÇ¢,21000,21,F,F,T,F,F,F,F,F,F,T,F
98409,32.6006,åªã‡,F,Ç¢Ç¢Ç¶,24900,35,F,F,F,F,F,F,F,T,F,F,T
57762,26.7967,åªã‡,M,ÇÕÇ¢,20700,36,T,F,F,F,T,F,F,F,F,F,F
82901,39.8343,åªã‡,F,Ç¢Ç¢Ç¶,22600,33,F,F,F,F,F,F,F,T,F,F,T
88972,31.8546,åªã‡,M,Ç¢Ç¢Ç¶,19200,22,T,F,F,F,F,F,F,T,F,T,F
73383,13.9755,∂∞ƒﬁ,M,Ç¢Ç¢Ç¶,18000,31,F,F,F,F,T,F,F,F,F,F,F
42163,44.9981,åªã‡,M,Ç¢Ç¢Ç¶,29300,29,T,F,F,F,F,F,F,F,F,F,F
41841,18.2815,åªã‡,M,Ç¢Ç¢Ç¶,21500,40,T,T,T,T,F,F,F,F,T,F,T
39077,20.5746,∂∞ƒﬁ,M,Ç¢Ç¢Ç¶,28200,34,F,T,F,F,T,F,F,F,F,F,F
70014,17.4934,∂∞ƒﬁ,M,Ç¢Ç¢Ç¶,28700,25,F,F,F,T,F,F,F,T,F,F,F
78428,12.3794,∂∞ƒﬁ,F,ÇÕÇ¢,13900,38,F,F,F,F,F,T,F,F,T,F,F
23784,25.7551,åªã‡,F,ÇÕÇ¢,18500,20,F,F,T,F,F,F,F,F,F,F,F
26291,14.0896,∂∞ƒﬁ,F,ÇÕÇ¢,17100,49,F,T,F,F,F,F,F,T,T,F,F
88549,37.5927,∂∞ƒﬁ,M,Ç¢Ç¢Ç¶,22600,20,T,F,F,F,F,T,F,F,T,T,F
90911,30.5207,åªã‡,F,Ç¢Ç¢Ç¶,17100,16,T,T,F,F,F,T,F,F,F,F,F
17470,19.0756,åªã‡,F,Ç¢Ç¢Ç¶,26900,42,F,F,F,F,F,T,T,F,F,T,T
94531,32.7653,åªã‡,M,ÇÕÇ¢,27800,41,F,T,F,F,T,T,F,F,F,F,F
90462,10.0726,åªã‡,M,Ç¢Ç¢Ç¶,10300,36,F,T,F,T,F,T,T,T,F,F,F
108003,12.5105,∂∞ƒﬁ,F,Ç¢Ç¢Ç¶,29400,34,F,F,F,T,F,F,F,T,F,T,F
87953,16.2099,∂∞ƒﬁ,M,ÇÕÇ¢,22500,22,F,F,F,F,T,T,F,F,F,T,F
36863,39.4701,∂∞ƒﬁ,F,ÇÕÇ¢,25500,34,F,F,T,F,F,F,F,T,F,F,T
28138,40.9457,åªã‡,F,ÇÕÇ¢,12200,32,F,F,F,F,F,F,F,F,F,T,F
69965,38.7874,∂∞ƒﬁ,M,Ç¢Ç¢Ç¶,22300,21,T,F,T,F,F,F,T,F,F,T,F
100047,24.1955,¡™Ø∏,F,Ç¢Ç¢Ç¶,27000,23,T,F,F,T,F,F,F,F,F,T,F
13325,41.2805,∂∞ƒﬁ,F,Ç¢Ç¢Ç¶,20500,48,F,F,F,F,F,F,F,T,F,T,T
17747,33.8601,∂∞ƒﬁ,M,ÇÕÇ¢,19900,37,F,F,F,F,F,F,F,F,F,T,F
61618,34.4744,¡™Ø∏,F,ÇÕÇ¢,15600,49,F,F,F,T,F,F,F,F,F,F,T
97148,49.3472,∂∞ƒﬁ,F,Ç¢Ç¢Ç¶,23500,34,F,F,F,T,F,F,T,T,T,F,T
28977,37.2656,∂∞ƒﬁ,M,Ç¢Ç¢Ç¶,11300,33,F,T,F,T,T,T,T,F,T,F,F
37784,49.0631,∂∞ƒﬁ,M,ÇÕÇ¢,17400,41,F,F,F,F,T,F,F,F,F,F,F
29107,32.3863,åªã‡,F,Ç¢Ç¢Ç¶,15500,21,F,F,F,F,T,T,F,F,F,F,F
63979,39.1,∂∞ƒﬁ,M,ÇÕÇ¢,20400,17,F,F,F,F,T,F,T,F,T,F,F
106290,33.0487,¡™Ø∏,M,ÇÕÇ¢,17000,35,F,F,T,F,F,F,F,F,F,F,F
90562,29.0087,åªã‡,M,ÇÕÇ¢,24300,24,F,F,F,T,T,F,F,F,F,T,F
99457,38.2007,∂∞ƒﬁ,F,Ç¢Ç¢Ç¶,11700,16,T,T,F,T,F,F,F,F,F,T,F
25097,20.0102,åªã‡,M,Ç¢Ç¢Ç¶,21900,40,F,F,F,T,T,T,F,F,T,F,F
70359,35.1138,¡™Ø∏,F,ÇÕÇ¢,14400,46,T,F,F,F,F,F,F,F,F,T,F
87450,48.2053,∂∞ƒﬁ,F,ÇÕÇ¢,17900,38,F,F,F,F,F,T,F,F,F,T,F
23682,29.7183,¡™Ø∏,M,ÇÕÇ¢,16800,48,F,F,F,T,F,T,T,T,F,F,F
66551,43.8679,åªã‡,M,Ç¢Ç¢Ç¶,22000,30,F,F,T,F,F,F,F,F,F,T,F
49225,13.8218,∂∞ƒﬁ,F,ÇÕÇ¢,16300,43,F,F,F,F,F,F,F,F,F,F,F
13518,16.3794,∂∞ƒﬁ,F,ÇÕÇ¢,25400,50,F,F,F,F,F,F,F,F,F,F,F
69802,43.5423,åªã‡,F,ÇÕÇ¢,11000,33,F,F,F,T,F,F,T,F,F,F,F
77419,29.7398,∂∞ƒﬁ,M,ÇÕÇ¢,16700,36,F,F,F,T,F,T,T,F,F,F,T
59590,27.9826,∂∞ƒﬁ,M,ÇÕÇ¢,16200,26,F,F,T,T,F,T,T,F,T,F,F
108832,27.8603,¡™Ø∏,F,Ç¢Ç¢Ç¶,15200,37,F,F,F,F,F,F,F,F,F,T,F
60688,37.1075,åªã‡,M,Ç¢Ç¢Ç¶,24400,38,F,F,F,F,F,F,F,F,F,F,F
79001,38.5516,∂∞ƒﬁ,F,ÇÕÇ¢,20600,24,F,F,F,F,F,F,F,T,F,T,T
26396,22.7651,∂∞ƒﬁ,M,ÇÕÇ¢,27100,47,F,F,F,T,F,F,F,F,F,F,F
91986,35.1619,åªã‡,F,ÇÕÇ¢,19800,26,F,T,F,T,F,F,F,F,F,F,F
36040,37.3032,åªã‡,M,Ç¢Ç¢Ç¶,28100,26,F,F,F,F,F,T,F,T,T,F,F
107876,21.8933,¡™Ø∏,M,Ç¢Ç¢Ç¶,17600,44,F,F,F,F,F,F,T,T,F,T,F
71832,35.8777,∂∞ƒﬁ,F,Ç¢Ç¢Ç¶,13300,43,F,F,F,F,T,F,F,F,F,T,F
66618,30.501,åªã‡,F,Ç¢Ç¢Ç¶,15300,50,T,T,F,T,T,F,F,F,F,F,F
52128,13.6852,∂∞ƒﬁ,M,ÇÕÇ¢,29000,29,F,F,F,T,F,T,F,F,F,F,F
17201,37.7746,∂∞ƒﬁ,M,Ç¢Ç¢Ç¶,26100,16,T,F,F,T,F,F,F,T,F,T,F
32646,26.531,¡™Ø∏,M,ÇÕÇ¢,15100,40,T,F,F,T,F,T,T,F,F,T,T
15109,13.5356,∂∞ƒﬁ,M,ÇÕÇ¢,19500,49,F,F,F,F,F,T,F,F,F,F,F
16055,40.5415,åªã‡,M,ÇÕÇ¢,29300,38,F,F,F,F,F,F,F,F,F,T,F
61789,14.3525,åªã‡,M,Ç¢Ç¢Ç¶,25100,37,F,F,F,T,F,F,T,F,F,T,F
10236,42.0572,åªã‡,F,ÇÕÇ¢,17700,44,F,F,F,F,F,T,T,F,F,F,F
39081,47.5807,¡™Ø∏,M,ÇÕÇ¢,10600,18,F,T,T,T,T,T,T,T,T,F,F
60820,32.9802,åªã‡,F,Ç¢Ç¢Ç¶,12300,20,F,F,F,T,F,F,F,F,F,F,F
55625,44.8626,∂∞ƒﬁ,F,Ç¢Ç¢Ç¶,27400,38,T,T,F,F,T,F,F,T,T,F,T
14630,19.5788,åªã‡,M,Ç¢Ç¢Ç¶,15200,31,F,F,F,T,F,T,T,F,F,F,F
89106,46.662,¡™Ø∏,F,ÇÕÇ¢,28900,32,F,T,F,F,T,F,F,T,F,F,T
52359,26.2052,¡™Ø∏,F,Ç¢Ç¢Ç¶,10300,16,T,F,F,F,F,T,F,T,F,T,F
85472,14.5031,∂∞ƒﬁ,F,ÇÕÇ¢,20800,48,F,F,T,F,F,F,F,F,F,T,T
14368,34.9178,¡™Ø∏,F,Ç¢Ç¢Ç¶,22800,31,F,F,F,F,T,F,F,T,F,F,T
31921,34.4264,¡™Ø∏,M,ÇÕÇ¢,11600,32,T,F,F,F,F,F,F,T,F,F,F
10150,41.1354,∂∞ƒﬁ,F,Ç¢Ç¢Ç¶,10700,36,T,F,F,F,F,F,F,F,T,F,F
59352,49.4212,åªã‡,F,ÇÕÇ¢,21300,24,F,F,F,F,F,F,F,T,F,T,T
10614,19.0425,åªã‡,M,Ç¢Ç¢Ç¶,25900,25,F,F,F,F,F,F,F,F,T,F,F
58566,37.6643,åªã‡,M,Ç¢Ç¢Ç¶,18700,46,F,T,F,F,F,F,F,F,T,F,F
95655,25.5805,åªã‡,F,Ç¢Ç¢Ç¶,13500,42,F,F,F,T,F,T,F,F,T,T,F
10451,15.0174,¡™Ø∏,M,Ç¢Ç¢Ç¶,12500,19,F,F,F,T,F,T,T,F,F,F,T
28597,19.2051,∂∞ƒﬁ,M,ÇÕÇ¢,16400,18,F,F,F,T,T,T,T,F,F,F,F
13903,29.1647,åªã‡,F,Ç¢Ç¢Ç¶,17800,32,T,T,T,T,T,F,F,F,T,F,F
69774,25.4476,åªã‡,M,ÇÕÇ¢,15900,45,F,F,F,T,F,T,T,T,T,F,F
33697,21.979,åªã‡,M,ÇÕÇ¢,19700,25,F,F,F,F,T,F,F,T,F,F,T
101784,33.0381,åªã‡,M,Ç¢Ç¢Ç¶,20200,39,F,F,F,T,T,F,F,F,F,F,F
60073,11.656,∂∞ƒﬁ,M,ÇÕÇ¢,22600,34,F,F,F,F,F,F,F,T,F,T,F
35979,27.747,∂∞ƒﬁ,M,Ç¢Ç¢Ç¶,19000,35,F,F,F,F,F,F,F,F,F,T,F
99046,23.6457,åªã‡,M,Ç¢Ç¢Ç¶,29200,49,F,F,F,F,F,F,T,F,T,F,F
40579,49.542,åªã‡,F,ÇÕÇ¢,24600,45,F,F,F,F,F,F,F,T,F,F,T
48893,28.3283,¡™Ø∏,F,ÇÕÇ¢,10600,49,F,F,F,F,F,F,F,F,F,F,T
109048,42.5797,∂∞ƒﬁ,M,Ç¢Ç¢Ç¶,24700,49,T,F,F,T,F,F,T,T,F,T,F
25256,39.6933,∂∞ƒﬁ,M,Ç¢Ç¢Ç¶,21600,40,F,T,T,F,F,T,F,F,F,F,T
30504,27.5034,¡™Ø∏,F,Ç¢Ç¢Ç¶,19600,37,F,T,F,F,F,F,F,F,F,T,F
33167,24.2185,åªã‡,F,Ç¢Ç¢Ç¶,28600,21,F,F,F,F,F,T,T,F,F,F,F
43228,40.0922,åªã‡,M,Ç¢Ç¢Ç¶,28600,44,T,F,F,F,F,F,F,F,F,F,F
104011,19.5891,∂∞ƒﬁ,F,Ç¢Ç¢Ç¶,19100,42,F,F,F,F,F,F,F,T,T,F,F
52451,49.056,¡™Ø∏,M,Ç¢Ç¢Ç¶,22800,47,F,T,T,F,F,F,F,T,F,F,F
75274,32.2881,∂∞ƒﬁ,M,Ç¢Ç¢Ç¶,20400,23,T,F,F,T,F,F,F,F,T,T,F
19193,22.3496,∂∞ƒﬁ,M,Ç¢Ç¢Ç¶,28700,21,F,F,F,F,F,F,F,T,T,F,T
32408,38.5706,åªã‡,F,ÇÕÇ¢,12400,32,F,F,F,F,F,F,T,F,F,F,F
96333,27.5586,∂∞ƒﬁ,M,Ç¢Ç¢Ç¶,29600,26,F,F,F,T,F,F,F,F,F,F,F
99410,41.1357,åªã‡,F,Ç¢Ç¢Ç¶,13000,40,F,F,T,F,F,F,F,F,F,F,F
58343,13.3662,∂∞ƒﬁ,M,ÇÕÇ¢,20700,44,F,F,T,F,F,F,F,F,F,F,T
12938,49.4836,¡™Ø∏,F,Ç¢Ç¢Ç¶,12600,27,F,F,F,T,F,T,F,F,T,F,F
52903,38.6381,åªã‡,M,ÇÕÇ¢,24100,32,F,F,F,F,F,F,F,F,F,F,F
20844,24.3927,åªã‡,F,ÇÕÇ¢,13600,45,F,F,F,F,T,F,F,F,F,F,F
84605,17.8494,¡™Ø∏,F,ÇÕÇ¢,17300,48,T,F,F,F,F,F,F,F,F,F,F
83340,27.1358,åªã‡,F,ÇÕÇ¢,12500,44,F,F,F,F,F,F,T,T,T,F,F
34605,45.77,∂∞ƒﬁ,F,ÇÕÇ¢,22000,49,F,F,F,T,T,F,F,T,T,F,T
106494,46.5812,∂∞ƒﬁ,F,ÇÕÇ¢,18700,44,T,F,F,F,F,F,T,T,F,F,F
99624,20.9334,¡™Ø∏,F,Ç¢Ç¢Ç¶,24400,36,T,F,F,F,F,F,F,T,T,F,F
47923,26.039,∂∞ƒﬁ,M,ÇÕÇ¢,24000,38,F,F,T,T,F,F,T,F,T,F,F
71607,23.4978,åªã‡,F,Ç¢Ç¢Ç¶,25300,23,T,F,T,F,F,F,F,F,F,T,T
103485,23.6343,åªã‡,M,ÇÕÇ¢,25200,20,F,F,F,F,F,F,T,F,F,F,F
27890,22.2416,∂∞ƒﬁ,M,ÇÕÇ¢,23900,26,F,T,F,F,F,T,F,F,F,F,F
81851,13.9837,∂∞ƒﬁ,F,Ç¢Ç¢Ç¶,17600,19,T,F,T,F,F,F,F,F,F,T,T
36364,19.7256,∂∞ƒﬁ,F,ÇÕÇ¢,17600,48,F,F,F,F,T,F,F,F,F,T,F
36951,12.9531,¡™Ø∏,F,ÇÕÇ¢,11700,32,F,F,F,F,F,F,T,F,F,F,T
106004,31.9126,åªã‡,M,ÇÕÇ¢,26200,27,F,F,F,F,F,F,F,T,T,F,F
40949,10.117,åªã‡,M,ÇÕÇ¢,16000,39,T,F,T,T,T,T,T,F,F,F,F
35904,38.0608,¡™Ø∏,F,Ç¢Ç¢Ç¶,28400,20,T,F,T,T,F,F,F,T,T,T,T
106489,14.0777,∂∞ƒﬁ,F,ÇÕÇ¢,16100,41,F,F,F,F,F,F,F,F,F,F,F
80578,30.6867,∂∞ƒﬁ,F,ÇÕÇ¢,10800,40,F,F,F,F,F,F,T,F,F,F,T
109504,32.8441,∂∞ƒﬁ,M,ÇÕÇ¢,27400,21,F,T,T,F,F,F,F,F,F,F,T
28528,40.7113,¡™Ø∏,F,ÇÕÇ¢,27600,45,F,F,F,F,T,F,F,T,F,F,T
70664,36.8276,åªã‡,M,Ç¢Ç¢Ç¶,22600,47,F,F,F,F,F,F,F,F,F,F,F
65088,11.9406,¡™Ø∏,M,Ç¢Ç¢Ç¶,27000,19,T,T,F,F,F,F,F,F,F,T,T
90147,18.8338,åªã‡,M,ÇÕÇ¢,27800,30,F,F,T,F,F,F,F,F,F,F,F
28498,34.2302,¡™Ø∏,F,Ç¢Ç¢Ç¶,12400,38,F,F,F,F,F,F,F,T,F,F,F
79890,37.4335,¡™Ø∏,F,Ç¢Ç¢Ç¶,18100,50,F,F,T,F,F,F,F,F,F,T,F
42927,25.6375,∂∞ƒﬁ,F,ÇÕÇ¢,14600,24,F,F,F,F,F,F,F,F,F,F,F
91913,42.8928,åªã‡,M,Ç¢Ç¢Ç¶,13200,45,F,F,F,F,F,F,T,F,T,F,F
32083,11.4418,¡™Ø∏,M,Ç¢Ç¢Ç¶,18800,42,F,T,T,F,T,F,F,F,F,F,F
100918,18.49,åªã‡,M,ÇÕÇ¢,13900,27,F,F,F,T,T,T,T,F,F,F,F
89406,13.2185,åªã‡,F,ÇÕÇ¢,16500,37,T,F,F,F,F,F,T,F,F,F,F
23037,46.0157,åªã‡,F,ÇÕÇ¢,15700,45,T,F,F,T,F,F,F,F,T,F,F
103462,40.3384,åªã‡,F,ÇÕÇ¢,24500,26,T,F,F,F,F,F,T,T,F,F,T
89559,24.3813,¡™Ø∏,F,Ç¢Ç¢Ç¶,15400,16,T,T,F,F,T,F,F,F,F,T,F
55629,49.6018,åªã‡,M,ÇÕÇ¢,27100,27,F,F,F,F,F,F,F,F,F,T,F
72986,25.9767,∂∞ƒﬁ,F,ÇÕÇ¢,22200,36,F,F,F,F,F,F,T,F,F,F,F
19209,46.367,∂∞ƒﬁ,M,ÇÕÇ¢,16900,21,T,T,F,T,F,T,T,F,F,F,F
64752,18.8473,åªã‡,F,Ç¢Ç¢Ç¶,14100,38,F,F,T,T,F,F,T,F,F,F,F
35519,30.2371,∂∞ƒﬁ,M,ÇÕÇ¢,21400,32,F,F,F,F,F,T,F,F,F,F,F
103168,12.2678,∂∞ƒﬁ,F,ÇÕÇ¢,15900,22,T,F,F,T,F,F,T,T,T,F,T
46071,18.1207,åªã‡,F,Ç¢Ç¢Ç¶,25100,32,T,F,F,F,F,F,F,F,T,T,F
109132,30.2881,åªã‡,F,ÇÕÇ¢,15100,38,F,T,F,F,F,F,F,F,T,F,F
47343,48.9554,∂∞ƒﬁ,F,ÇÕÇ¢,28300,41,F,T,F,F,F,T,F,T,F,F,T
47441,13.5428,∂∞ƒﬁ,F,ÇÕÇ¢,21600,36,F,T,F,F,F,T,F,F,F,F,T
93891,36.5954,∂∞ƒﬁ,F,Ç¢Ç¢Ç¶,13900,20,T,F,F,F,F,F,F,F,F,T,F
13747,12.3374,∂∞ƒﬁ,F,Ç¢Ç¢Ç¶,18700,38,F,F,F,F,F,F,T,F,F,F,F
89041,25.085,¡™Ø∏,M,Ç¢Ç¢Ç¶,15900,25,F,F,F,T,F,T,T,F,F,F,F
55295,32.6529,∂∞ƒﬁ,F,Ç¢Ç¢Ç¶,12400,47,T,F,T,F,T,T,F,F,F,F,F
47489,23.0236,∂∞ƒﬁ,M,ÇÕÇ¢,18400,41,F,F,F,F,F,F,F,T,F,F,T
59580,40.8781,åªã‡,M,ÇÕÇ¢,14200,50,T,F,T,T,F,T,T,F,F,F,F
98836,38.6026,åªã‡,F,ÇÕÇ¢,24900,29,F,F,F,T,F,F,F,T,F,T,T
92227,42.5332,åªã‡,F,Ç¢Ç¢Ç¶,22600,29,T,F,F,T,F,F,F,T,F,F,T
34297,14.9744,∂∞ƒﬁ,F,Ç¢Ç¢Ç¶,22600,32,F,F,F,F,F,F,F,F,F,F,F
25774,38.771,åªã‡,F,ÇÕÇ¢,26700,48,F,T,F,T,T,F,F,T,T,T,T
101031,47.5206,∂∞ƒﬁ,M,ÇÕÇ¢,15100,16,F,F,F,T,F,T,T,F,F,F,F
14890,31.8997,¡™Ø∏,M,ÇÕÇ¢,18700,29,F,T,F,F,F,F,F,F,F,F,F
63420,22.7588,¡™Ø∏,M,Ç¢Ç¢Ç¶,19500,21,T,F,T,F,F,T,F,F,F,T,F
103325,46.2279,∂∞ƒﬁ,F,Ç¢Ç¢Ç¶,17100,49,F,F,F,F,F,T,F,F,F,F,F
72849,20.7743,∂∞ƒﬁ,M,Ç¢Ç¢Ç¶,19100,47,T,F,F,F,T,F,T,F,F,F,F
10987,37.7075,åªã‡,F,ÇÕÇ¢,29300,21,T,F,T,F,F,F,F,T,F,F,T
31083,45.6146,åªã‡,F,Ç¢Ç¢Ç¶,20700,26,T,T,F,T,F,F,F,T,T,T,T
50258,43.0885,åªã‡,F,ÇÕÇ¢,19100,25,F,T,F,F,F,F,F,F,F,F,F
70206,15.322,¡™Ø∏,M,ÇÕÇ¢,18000,33,T,F,F,T,F,F,F,F,F,F,F
19519,12.4083,∂∞ƒﬁ,M,ÇÕÇ¢,23300,31,F,F,T,F,F,T,T,F,F,F,T
14658,46.8048,∂∞ƒﬁ,F,ÇÕÇ¢,24700,36,F,F,F,F,T,F,F,T,F,T,T
85860,30.4116,åªã‡,F,ÇÕÇ¢,18400,17,F,T,T,F,T,F,F,F,F,F,T
50087,40.9255,∂∞ƒﬁ,F,Ç¢Ç¢Ç¶,17300,45,F,F,F,F,F,F,F,T,F,F,F
96078,10.4612,åªã‡,M,Ç¢Ç¢Ç¶,16500,37,T,F,F,T,F,T,T,F,F,F,T
82096,44.5391,åªã‡,M,Ç¢Ç¢Ç¶,10500,23,T,F,F,T,F,T,T,F,F,T,T
41996,28.3472,∂∞ƒﬁ,F,ÇÕÇ¢,23900,48,F,F,T,F,F,F,F,F,F,F,T
57207,39.1627,¡™Ø∏,M,ÇÕÇ¢,29700,48,F,F,T,F,F,F,F,T,F,F,T
105816,22.6473,∂∞ƒﬁ,F,Ç¢Ç¢Ç¶,13900,37,T,F,T,T,F,F,F,F,F,F,F
94231,27.2609,åªã‡,M,ÇÕÇ¢,11600,28,F,F,F,F,T,T,F,F,F,F,T
80869,10.0454,∂∞ƒﬁ,F,ÇÕÇ¢,29400,29,F,F,F,F,T,F,F,T,F,F,F
51939,43.2419,∂∞ƒﬁ,M,ÇÕÇ¢,11500,47,F,F,F,T,F,T,T,T,F,F,F
89484,40.6552,∂∞ƒﬁ,M,Ç¢Ç¢Ç¶,28600,47,F,F,F,T,F,F,T,F,F,F,F
99292,39.899,∂∞ƒﬁ,F,Ç¢Ç¢Ç¶,19800,23,T,T,F,F,F,F,F,F,T,T,F
77232,28.7941,¡™Ø∏,M,Ç¢Ç¢Ç¶,19600,22,T,F,T,F,F,F,F,F,F,T,F
79535,37.048,∂∞ƒﬁ,F,Ç¢Ç¢Ç¶,18400,50,F,F,F,F,T,F,F,F,F,F,F
10944,45.3278,∂∞ƒﬁ,M,Ç¢Ç¢Ç¶,10500,46,F,T,T,T,F,T,T,F,F,F,F
42524,14.2989,¡™Ø∏,F,Ç¢Ç¢Ç¶,25700,22,T,T,T,F,F,F,F,F,T,T,F
90360,15.1372,åªã‡,F,Ç¢Ç¢Ç¶,16000,47,F,F,F,F,T,T,T,F,F,F,F
79446,18.2451,åªã‡,M,ÇÕÇ¢,17000,17,F,F,F,F,F,F,F,F,F,F,F
40090,41.4851,¡™Ø∏,F,ÇÕÇ¢,13200,25,F,F,F,T,F,T,F,F,F,F,F
83003,49.2498,¡™Ø∏,F,ÇÕÇ¢,17100,47,F,F,F,F,F,F,F,F,T,F,F
12694,15.8634,åªã‡,F,Ç¢Ç¢Ç¶,22100,40,T,F,F,F,F,F,F,F,F,F,T
79632,12.5362,∂∞ƒﬁ,M,Ç¢Ç¢Ç¶,13000,43,F,F,F,T,F,T,T,F,F,F,F
95354,35.3973,¡™Ø∏,M,Ç¢Ç¢Ç¶,13300,35,F,T,F,T,T,T,T,F,T,T,F
108596,39.33,∂∞ƒﬁ,M,Ç¢Ç¢Ç¶,27600,44,F,F,F,F,T,F,T,F,F,F,F
44594,46.6746,åªã‡,F,ÇÕÇ¢,23400,50,F,F,F,F,F,F,F,T,F,F,T
24534,37.7386,∂∞ƒﬁ,F,ÇÕÇ¢,17000,22,T,F,F,F,F,F,F,F,T,F,T
27462,39.7479,åªã‡,F,ÇÕÇ¢,22300,39,F,F,F,F,F,F,T,F,T,F,F
108153,20.5804,åªã‡,F,Ç¢Ç¢Ç¶,23500,32,F,F,F,F,F,F,F,F,T,F,T
93974,46.5105,åªã‡,M,Ç¢Ç¢Ç¶,13200,33,F,T,F,T,F,F,F,F,T,F,F
39042,49.8321,åªã‡,F,Ç¢Ç¢Ç¶,24200,46,F,F,F,F,T,F,F,T,F,F,T
108718,15.6206,åªã‡,M,ÇÕÇ¢,21600,18,F,F,F,F,F,F,T,F,F,T,F
59071,28.0768,¡™Ø∏,F,ÇÕÇ¢,28100,35,F,F,F,F,T,F,T,F,F,T,F
72299,24.0273,¡™Ø∏,F,ÇÕÇ¢,25800,24,T,F,F,F,F,F,T,F,T,T,F
103546,45.5893,∂∞ƒﬁ,M,Ç¢Ç¢Ç¶,28500,44,F,F,F,F,F,F,F,F,F,F,F
52011,39.1196,åªã‡,F,Ç¢Ç¢Ç¶,24500,25,F,F,F,F,F,F,T,F,F,F,F
81745,15.9576,∂∞ƒﬁ,F,ÇÕÇ¢,12400,49,F,F,T,F,F,F,F,F,T,F,F
70428,23.6085,∂∞ƒﬁ,F,Ç¢Ç¢Ç¶,21600,42,F,F,T,T,F,F,T,T,T,F,F
85182,11.92,∂∞ƒﬁ,M,Ç¢Ç¢Ç¶,27600,22,T,T,F,F,F,F,F,F,T,T,F
62175,17.9183,åªã‡,M,Ç¢Ç¢Ç¶,13300,16,T,T,F,T,T,T,T,F,F,T,F
39715,28.2126,åªã‡,M,ÇÕÇ¢,20200,17,T,F,F,F,F,F,F,F,F,F,F
97328,24.0255,åªã‡,F,ÇÕÇ¢,14300,24,F,F,T,T,F,F,F,F,F,F,F
50064,47.0822,∂∞ƒﬁ,M,Ç¢Ç¢Ç¶,15400,20,T,F,T,T,F,T,T,F,F,T,F
72200,12.4526,åªã‡,F,Ç¢Ç¢Ç¶,14400,48,T,F,T,F,F,F,F,F,F,T,F
14301,39.9171,åªã‡,M,Ç¢Ç¢Ç¶,14200,33,F,T,T,T,F,T,T,F,F,T,T
109583,41.0085,∂∞ƒﬁ,M,Ç¢Ç¢Ç¶,29200,34,F,F,F,F,F,F,F,F,F,F,F
50647,38.5632,∂∞ƒﬁ,M,ÇÕÇ¢,22100,25,F,F,F,T,F,F,F,F,F,F,F
95443,47.9239,∂∞ƒﬁ,M,ÇÕÇ¢,29000,42,T,F,F,F,F,F,F,T,F,F,F
65225,43.856,¡™Ø∏,F,ÇÕÇ¢,25900,48,F,F,T,F,F,F,F,F,F,F,F
67809,10.3765,¡™Ø∏,F,Ç¢Ç¢Ç¶,11600,39,F,F,F,F,F,T,F,F,T,F,F
74314,38.7031,∂∞ƒﬁ,F,Ç¢Ç¢Ç¶,17500,31,T,F,F,F,T,T,F,F,F,F,F
57102,19.9099,åªã‡,M,Ç¢Ç¢Ç¶,16100,30,F,F,F,T,F,T,T,F,F,T,F
61011,18.1253,åªã‡,M,ÇÕÇ¢,25000,21,F,F,F,F,F,F,T,F,F,F,T
52421,31.7355,∂∞ƒﬁ,M,Ç¢Ç¢Ç¶,15000,16,T,F,F,T,T,T,T,T,T,T,F
17064,15.3259,¡™Ø∏,F,ÇÕÇ¢,15800,45,F,F,F,F,F,F,T,F,F,F,F
28061,37.2245,∂∞ƒﬁ,F,ÇÕÇ¢,23200,43,F,T,F,T,F,F,F,T,F,F,T
12291,41.9518,åªã‡,M,Ç¢Ç¢Ç¶,26700,40,F,F,F,F,F,F,F,T,F,F,T
105095,48.0785,åªã‡,F,ÇÕÇ¢,18000,50,F,T,F,F,F,F,F,F,T,F,F
89958,34.4239,åªã‡,F,ÇÕÇ¢,19400,27,F,F,T,F,T,T,F,F,F,T,T
32432,28.3847,¡™Ø∏,M,ÇÕÇ¢,29700,34,F,T,F,F,F,T,F,F,F,F,T
70063,28.3932,¡™Ø∏,M,Ç¢Ç¢Ç¶,18700,35,F,F,F,F,F,F,F,T,F,F,F
42037,49.7612,åªã‡,M,Ç¢Ç¢Ç¶,29900,25,F,F,F,F,T,F,F,F,F,F,F
24258,34.8282,∂∞ƒﬁ,F,ÇÕÇ¢,14300,23,F,F,F,F,F,F,F,F,F,F,F
109672,16.5297,∂∞ƒﬁ,M,ÇÕÇ¢,15600,20,F,F,F,T,F,T,T,T,F,F,F
33891,12.0017,∂∞ƒﬁ,F,ÇÕÇ¢,13100,47,F,T,F,F,F,F,F,F,F,T,F
44775,23.5745,¡™Ø∏,F,Ç¢Ç¢Ç¶,26400,44,T,F,F,F,F,F,T,T,F,T,F
57101,20.7588,∂∞ƒﬁ,M,ÇÕÇ¢,19800,49,T,F,F,F,F,T,F,F,F,F,F
13564,31.583,¡™Ø∏,F,ÇÕÇ¢,12900,19,F,F,T,F,F,F,F,F,F,F,F
28427,12.9735,¡™Ø∏,M,Ç¢Ç¢Ç¶,10700,32,F,F,F,T,F,T,T,F,F,F,T
24864,24.6676,åªã‡,F,ÇÕÇ¢,19200,38,T,F,F,T,F,T,F,F,F,F,F
61159,47.2278,∂∞ƒﬁ,M,Ç¢Ç¢Ç¶,25000,21,T,T,F,F,T,F,F,F,T,T,F
10645,18.4803,∂∞ƒﬁ,M,ÇÕÇ¢,13300,20,T,T,F,T,F,T,T,F,F,F,F
96076,24.4413,åªã‡,F,ÇÕÇ¢,22900,36,F,F,F,T,F,F,F,F,F,T,T
66651,25.6292,¡™Ø∏,F,ÇÕÇ¢,27900,44,F,F,F,F,F,F,F,F,F,F,F
61342,26.5892,åªã‡,F,Ç¢Ç¢Ç¶,18900,41,F,F,F,T,T,F,T,F,F,F,F
94754,45.0857,åªã‡,F,Ç¢Ç¢Ç¶,29700,41,F,F,F,T,T,F,F,T,T,T,T
37917,22.9288,åªã‡,F,Ç¢Ç¢Ç¶,10500,26,T,T,F,F,F,F,F,T,F,F,F
18517,42.5094,∂∞ƒﬁ,M,ÇÕÇ¢,13900,38,T,T,F,T,F,T,T,F,F,F,F
14107,12.9508,∂∞ƒﬁ,F,Ç¢Ç¢Ç¶,27500,33,F,T,F,F,F,F,F,F,F,T,F
91117,33.6103,∂∞ƒﬁ,M,Ç¢Ç¢Ç¶,17800,21,T,F,F,F,F,F,F,F,F,T,F
28268,10.8787,åªã‡,M,Ç¢Ç¢Ç¶,21300,26,F,F,T,F,F,F,F,F,F,T,F
76944,47.6155,åªã‡,F,ÇÕÇ¢,23900,34,F,F,F,F,F,F,T,T,F,F,T
58485,35.5474,¡™Ø∏,M,Ç¢Ç¢Ç¶,28000,27,T,F,F,F,F,T,F,F,F,F,T
82801,42.5439,∂∞ƒﬁ,M,Ç¢Ç¢Ç¶,20100,28,F,F,F,T,F,T,F,T,F,F,F
54314,31.2939,åªã‡,F,ÇÕÇ¢,28700,44,F,T,F,F,F,F,F,F,F,F,F
106122,32.3362,åªã‡,M,ÇÕÇ¢,23700,22,F,F,T,F,F,F,F,T,F,F,F
105188,44.3619,åªã‡,M,ÇÕÇ¢,26400,39,F,F,F,F,F,F,F,F,T,F,F
73708,43.3068,¡™Ø∏,F,Ç¢Ç¢Ç¶,21900,36,T,F,F,T,F,F,F,T,T,T,T
72900,14.4639,∂∞ƒﬁ,M,Ç¢Ç¢Ç¶,18700,17,T,F,T,F,F,F,F,F,F,T,F
29343,11.0385,¡™Ø∏,F,Ç¢Ç¢Ç¶,27300,46,T,T,F,F,F,F,F,T,F,F,T
109884,35.8216,∂∞ƒﬁ,F,Ç¢Ç¢Ç¶,15100,18,T,F,F,F,T,T,F,F,T,T,T
32160,19.7177,åªã‡,F,ÇÕÇ¢,20600,33,F,F,F,F,F,T,T,F,F,F,T
59297,49.3566,¡™Ø∏,F,Ç¢Ç¢Ç¶,22000,28,F,F,F,T,T,F,T,T,F,F,T
101544,38.5665,∂∞ƒﬁ,M,Ç¢Ç¢Ç¶,25100,47,T,F,F,F,T,T,F,F,F,F,F
94004,43.8679,∂∞ƒﬁ,M,Ç¢Ç¢Ç¶,28000,37,F,F,F,F,T,T,T,F,F,F,F
91074,46.5642,∂∞ƒﬁ,F,Ç¢Ç¢Ç¶,11600,19,F,F,F,T,F,T,F,F,F,F,F
78302,32.6841,∂∞ƒﬁ,M,ÇÕÇ¢,20500,33,T,F,F,T,F,F,F,F,F,F,F
65006,10.546,åªã‡,F,Ç¢Ç¢Ç¶,12600,24,T,F,F,F,F,F,F,F,T,T,F
27496,16.3272,∂∞ƒﬁ,F,Ç¢Ç¢Ç¶,25700,48,F,F,F,F,F,T,T,F,F,F,T
27306,17.3906,¡™Ø∏,F,Ç¢Ç¢Ç¶,10600,42,T,F,F,T,F,T,T,F,T,F,T
108855,32.8419,∂∞ƒﬁ,F,ÇÕÇ¢,22800,30,F,F,F,F,T,F,F,T,T,T,T
30423,44.942,¡™Ø∏,F,ÇÕÇ¢,12200,45,F,F,F,F,F,F,F,F,T,F,T
14015,31.8657,åªã‡,M,Ç¢Ç¢Ç¶,17200,38,F,F,F,T,F,F,F,F,F,F,T
19211,35.9545,∂∞ƒﬁ,M,Ç¢Ç¢Ç¶,12700,28,F,F,F,T,F,T,T,F,F,F,T
18917,47.9346,∂∞ƒﬁ,M,Ç¢Ç¢Ç¶,12100,47,F,T,T,T,F,T,T,F,F,F,T
68104,12.329,¡™Ø∏,F,Ç¢Ç¢Ç¶,20800,45,F,F,F,T,F,T,T,F,F,T,F
109425,23.2353,∂∞ƒﬁ,F,ÇÕÇ¢,20300,20,F,F,F,F,T,F,F,T,F,F,F
55550,31.475,åªã‡,M,Ç¢Ç¢Ç¶,21500,28,T,F,F,F,F,T,F,T,F,F,F
14514,31.6016,∂∞ƒﬁ,F,ÇÕÇ¢,11000,45,F,F,F,F,T,F,F,F,T,F,F
103087,38.578,åªã‡,M,ÇÕÇ¢,15500,35,F,T,F,T,F,T,T,T,F,F,F
56885,33.5694,¡™Ø∏,M,Ç¢Ç¢Ç¶,15500,27,F,T,F,T,T,T,T,F,T,F,T
41866,20.4519,åªã‡,F,Ç¢Ç¢Ç¶,16100,34,F,F,F,F,F,F,F,F,F,F,F
69372,11.5395,∂∞ƒﬁ,F,ÇÕÇ¢,10700,35,F,T,F,F,F,F,F,F,F,F,T
105429,15.294,åªã‡,M,Ç¢Ç¢Ç¶,23300,43,T,T,F,F,F,T,F,F,F,F,F
15317,43.8941,∂∞ƒﬁ,M,ÇÕÇ¢,23700,40,F,F,T,F,F,F,F,F,F,F,F
68156,18.1151,¡™Ø∏,F,Ç¢Ç¢Ç¶,26300,40,F,F,F,F,F,F,T,F,T,F,F
104971,35.7501,¡™Ø∏,F,ÇÕÇ¢,24900,24,F,F,F,F,F,F,F,T,T,F,T
78626,33.0971,åªã‡,M,Ç¢Ç¢Ç¶,23700,47,F,T,F,F,F,T,F,F,F,F,F
60153,47.156,∂∞ƒﬁ,M,ÇÕÇ¢,27400,31,F,T,F,F,T,F,T,T,F,F,F
80728,21.2648,åªã‡,F,ÇÕÇ¢,11700,28,F,T,F,T,T,T,F,F,F,F,T
100553,24.1456,∂∞ƒﬁ,M,Ç¢Ç¢Ç¶,21500,34,T,F,F,T,F,F,F,T,T,F,F
43962,11.6764,¡™Ø∏,M,Ç¢Ç¢Ç¶,22600,49,F,F,F,F,F,F,F,F,F,T,F
78357,28.8482,∂∞ƒﬁ,F,Ç¢Ç¢Ç¶,28600,40,F,F,T,F,F,T,F,F,F,F,F
82796,18.5934,∂∞ƒﬁ,F,ÇÕÇ¢,17800,17,F,F,F,F,T,F,F,F,F,F,F
40459,37.9935,∂∞ƒﬁ,F,Ç¢Ç¢Ç¶,23700,47,F,F,T,F,F,F,F,T,F,F,T
106499,26.9588,åªã‡,M,ÇÕÇ¢,10700,31,F,F,F,T,F,T,T,F,F,F,F
109224,20.0952,¡™Ø∏,M,Ç¢Ç¢Ç¶,27500,18,T,F,F,F,F,F,T,F,F,T,F
32182,13.3271,åªã‡,F,ÇÕÇ¢,24300,29,F,F,F,F,F,F,T,F,F,F,F
100393,28.7753,åªã‡,M,Ç¢Ç¢Ç¶,27200,22,T,F,F,T,F,F,F,F,F,T,T
26061,47.0537,åªã‡,M,Ç¢Ç¢Ç¶,11000,22,T,T,F,T,T,T,T,F,F,T,F
47330,20.9348,åªã‡,F,ÇÕÇ¢,18800,21,T,F,F,F,F,T,F,T,F,F,T
94864,43.4745,¡™Ø∏,F,Ç¢Ç¢Ç¶,14200,47,F,F,F,F,F,F,F,T,F,F,F
28959,21.5852,åªã‡,M,Ç¢Ç¢Ç¶,23600,38,F,F,F,F,F,T,F,F,F,F,F
54462,38.8386,åªã‡,M,Ç¢Ç¢Ç¶,15900,31,F,F,T,T,F,T,T,T,F,F,F
63880,16.7477,åªã‡,F,Ç¢Ç¢Ç¶,20800,23,T,F,F,F,T,F,F,F,F,T,F
104630,49.6887,∂∞ƒﬁ,F,ÇÕÇ¢,23800,19,T,F,F,F,F,F,F,T,F,F,T
11565,44.9745,åªã‡,F,Ç¢Ç¢Ç¶,16400,19,F,T,T,T,F,F,F,T,F,T,F
93527,33.361,åªã‡,M,ÇÕÇ¢,29700,38,F,F,F,F,F,F,T,T,F,F,F
88812,28.8761,∂∞ƒﬁ,F,Ç¢Ç¢Ç¶,10500,34,F,F,F,F,F,F,T,F,F,F,F
61107,30.314,∂∞ƒﬁ,F,ÇÕÇ¢,21100,30,T,F,T,F,F,F,F,F,F,F,F
104722,33.6677,∂∞ƒﬁ,M,ÇÕÇ¢,16700,38,F,F,F,T,F,T,T,F,F,F,F
10915,12.4624,∂∞ƒﬁ,F,Ç¢Ç¢Ç¶,13500,22,T,F,T,F,T,T,F,F,F,T,F
33056,14.4013,¡™Ø∏,M,Ç¢Ç¢Ç¶,23500,27,F,F,F,F,F,F,F,F,F,F,F
78967,36.166,¡™Ø∏,M,ÇÕÇ¢,14500,25,F,F,F,T,F,T,T,F,F,F,F
81825,25.0713,∂∞ƒﬁ,F,Ç¢Ç¢Ç¶,12300,21,T,F,T,F,F,F,F,F,F,T,F
51846,37.0748,∂∞ƒﬁ,F,Ç¢Ç¢Ç¶,14000,21,T,F,F,F,F,F,F,F,F,T,F
58288,14.481,∂∞ƒﬁ,M,Ç¢Ç¢Ç¶,16000,24,F,F,F,F,F,F,F,F,F,F,F
30459,32.6755,¡™Ø∏,F,Ç¢Ç¢Ç¶,20500,29,F,F,F,T,F,F,F,T,F,T,T
70018,42.7998,¡™Ø∏,F,ÇÕÇ¢,25800,39,T,F,T,F,F,T,T,T,F,T,T
62789,15.1609,åªã‡,M,Ç¢Ç¢Ç¶,14000,25,T,F,F,T,F,T,T,F,F,F,F
102887,33.3158,¡™Ø∏,M,Ç¢Ç¢Ç¶,20300,46,T,F,F,F,F,T,F,F,F,F,F
83102,48.0077,åªã‡,M,ÇÕÇ¢,14600,47,F,F,F,T,F,T,T,F,F,T,F
57268,25.0267,åªã‡,M,ÇÕÇ¢,22000,25,T,T,F,F,F,F,F,F,T,F,F
78139,48.5578,åªã‡,M,Ç¢Ç¢Ç¶,25200,29,T,F,F,T,T,F,F,F,F,F,F
86331,45.4521,∂∞ƒﬁ,M,Ç¢Ç¢Ç¶,10300,29,F,F,F,T,F,T,T,F,F,T,T
31384,37.2056,∂∞ƒﬁ,M,Ç¢Ç¢Ç¶,27500,27,F,F,F,T,F,F,F,F,F,F,F
63996,13.7353,¡™Ø∏,F,Ç¢Ç¢Ç¶,22600,23,F,F,F,T,F,F,F,F,F,T,F
99025,29.0798,∂∞ƒﬁ,M,ÇÕÇ¢,27400,42,F,T,F,F,F,F,F,F,F,F,F
95921,34.8576,åªã‡,F,ÇÕÇ¢,23300,43,T,F,F,F,F,F,F,T,F,F,T
99164,30.6965,åªã‡,M,Ç¢Ç¢Ç¶,21600,26,F,F,T,F,F,F,F,F,T,F,T
